timestep_time;vehicle_angle;vehicle_id;vehicle_lane;vehicle_pos;vehicle_slope;vehicle_speed;vehicle_type;vehicle_x;vehicle_y
0.00;155.17;0;24254277#3_0;5.10;0.00;0.00;DEFAULT_VEHTYPE;452.95;454.92
1.00;156.69;0;24254277#3_0;7.49;0.00;2.39;DEFAULT_VEHTYPE;453.86;452.72
1.00;171.51;1;24254277#0_0;5.10;0.00;0.00;DEFAULT_VEHTYPE;340.33;664.03
2.00;157.59;0;24254277#3_0;11.22;0.00;3.73;DEFAULT_VEHTYPE;455.28;449.27
2.00;166.62;1;24254277#0_0;7.61;0.00;2.51;DEFAULT_VEHTYPE;341.12;661.65
2.00;162.54;2;24254277#6_0;5.10;0.00;0.00;DEFAULT_VEHTYPE;478.61;394.06
3.00;157.59;0;24254277#3_0;16.74;0.00;5.52;DEFAULT_VEHTYPE;457.39;444.17
3.00;160.33;1;24254277#0_0;12.23;0.00;4.62;DEFAULT_VEHTYPE;342.67;657.30
3.00;165.34;2;24254277#6_0;6.40;0.00;1.30;DEFAULT_VEHTYPE;478.76;392.77
4.00;157.59;0;24254277#3_0;24.35;0.00;7.61;DEFAULT_VEHTYPE;460.29;437.13
4.00;154.09;1;24254277#0_0;18.19;0.00;5.96;DEFAULT_VEHTYPE;345.17;651.91
4.00;173.38;2;24254277#6_0;9.37;0.00;2.96;DEFAULT_VEHTYPE;478.96;389.82
4.00;150.46;4;24254277#2_0;5.10;0.00;0.00;DEFAULT_VEHTYPE;414.64;526.09
5.00;156.56;0;:572666_0_0;5.07;0.00;9.13;DEFAULT_VEHTYPE;463.85;428.73
5.00;150.60;1;24254277#0_0;25.78;0.00;7.59;DEFAULT_VEHTYPE;348.90;645.29
5.00;176.06;2;24254277#6_0;14.30;0.00;4.93;DEFAULT_VEHTYPE;479.30;384.90
5.00;150.46;4;24254277#2_0;6.89;0.00;1.79;DEFAULT_VEHTYPE;415.53;524.54
5.00;171.51;5;24254277#0_0;5.10;0.00;0.00;DEFAULT_VEHTYPE;340.33;664.03
6.00;155.32;0;24254277#4_0;9.26;0.00;11.15;DEFAULT_VEHTYPE;468.47;418.58
6.00;150.60;1;24254277#0_0;34.74;0.00;8.96;DEFAULT_VEHTYPE;353.30;637.49
6.00;176.06;2;24254277#6_0;21.14;0.00;6.84;DEFAULT_VEHTYPE;479.77;378.07
6.00;149.45;4;24254277#2_0;10.65;0.00;3.76;DEFAULT_VEHTYPE;417.46;521.31
6.00;167.52;5;24254277#0_0;7.21;0.00;2.11;DEFAULT_VEHTYPE;340.98;662.03
7.00;155.74;0;24254277#5_0;4.18;0.00;12.91;DEFAULT_VEHTYPE;473.80;406.83
7.00;150.60;1;24254277#0_0;45.83;0.00;11.09;DEFAULT_VEHTYPE;358.74;627.83
7.00;175.71;2;:572669_0_0;3.09;0.00;9.31;DEFAULT_VEHTYPE;480.44;368.79
7.00;148.86;4;24254277#2_0;16.14;0.00;5.49;DEFAULT_VEHTYPE;420.29;516.61
7.00;160.33;5;24254277#0_0;10.65;0.00;3.45;DEFAULT_VEHTYPE;342.14;658.78
7.00;155.17;7;24254277#3_0;5.10;0.00;0.00;DEFAULT_VEHTYPE;452.95;454.92
8.00;163.05;0;24254277#6_0;5.56;0.00;14.12;DEFAULT_VEHTYPE;478.70;393.62
8.00;150.60;1;24254277#0_0;58.02;0.00;12.19;DEFAULT_VEHTYPE;364.72;617.21
8.00;175.31;2;:572670_0_0;1.53;0.00;11.43;DEFAULT_VEHTYPE;481.41;357.41
8.00;149.11;4;24254277#2_0;23.51;0.00;7.38;DEFAULT_VEHTYPE;424.09;510.29
8.00;157.93;5;24254277#0_0;16.22;0.00;5.57;DEFAULT_VEHTYPE;344.21;653.62
8.00;171.51;6;24254277#0_0;5.10;0.00;0.00;DEFAULT_VEHTYPE;340.33;664.03
8.00;156.79;7;24254277#3_0;7.66;0.00;2.56;DEFAULT_VEHTYPE;453.93;452.56
9.00;176.06;0;24254277#6_0;19.22;0.00;13.67;DEFAULT_VEHTYPE;479.64;379.98
9.00;150.60;1;24254277#0_0;69.77;0.00;11.75;DEFAULT_VEHTYPE;370.49;606.97
9.00;178.45;2;24254277#8_0;10.34;0.00;13.93;DEFAULT_VEHTYPE;481.91;343.49
9.00;149.58;4;24254277#2_0;33.07;0.00;9.56;DEFAULT_VEHTYPE;428.93;502.04
9.00;150.60;5;24254277#0_0;23.35;0.00;7.12;DEFAULT_VEHTYPE;347.70;647.42
9.00;168.99;6;24254277#0_0;6.55;0.00;1.45;DEFAULT_VEHTYPE;340.76;662.64
9.00;157.59;7;24254277#3_0;11.52;0.00;3.86;DEFAULT_VEHTYPE;455.40;448.99
10.00;175.32;0;24254277#7_0;1.25;0.00;14.35;DEFAULT_VEHTYPE;480.70;365.67
10.00;150.60;1;24254277#0_0;81.96;0.00;12.19;DEFAULT_VEHTYPE;376.48;596.35
10.00;181.30;2;24254277#9_0;3.18;0.00;13.52;DEFAULT_VEHTYPE;481.92;329.98
10.00;149.69;4;24254277#2_0;45.08;0.00;12.01;DEFAULT_VEHTYPE;434.99;491.68
10.00;150.60;5;24254277#0_0;32.45;0.00;9.10;DEFAULT_VEHTYPE;352.17;639.49
10.00;160.33;6;24254277#0_0;10.59;0.00;4.04;DEFAULT_VEHTYPE;342.12;658.84
10.00;157.59;7;24254277#3_0;17.84;0.00;6.32;DEFAULT_VEHTYPE;457.81;443.15
11.00;177.25;0;24254277#8_0;1.86;0.00;13.75;DEFAULT_VEHTYPE;481.68;351.96
11.00;150.60;1;24254277#0_0;94.15;0.00;12.19;DEFAULT_VEHTYPE;382.46;585.73
11.00;187.67;2;24254277#9_0;16.13;0.00;12.95;DEFAULT_VEHTYPE;480.99;317.08
11.00;154.06;4;24254277#2_0;58.67;0.00;13.59;DEFAULT_VEHTYPE;441.51;479.77
11.00;150.60;5;24254277#0_0;43.73;0.00;11.28;DEFAULT_VEHTYPE;357.71;629.66
11.00;157.61;6;24254277#0_0;16.39;0.00;5.80;DEFAULT_VEHTYPE;344.29;653.48
11.00;157.59;7;24254277#3_0;26.06;0.00;8.22;DEFAULT_VEHTYPE;460.94;435.55
11.00;171.51;8;24254277#0_0;5.10;0.00;0.00;DEFAULT_VEHTYPE;340.33;664.03
12.00;178.81;0;:300163116_0_0;1.00;0.00;14.70;DEFAULT_VEHTYPE;482.05;337.26
12.00;151.22;1;24254277#0_0;106.64;0.00;12.49;DEFAULT_VEHTYPE;388.54;574.82
12.00;178.45;10;24254277#8_0;5.10;0.00;0.00;DEFAULT_VEHTYPE;481.77;348.72
12.00;193.43;2;24254277#10_0;1.72;0.00;13.62;DEFAULT_VEHTYPE;478.56;303.70
12.00;155.09;4;24254277#2_0;73.69;0.00;15.02;DEFAULT_VEHTYPE;447.84;466.15
12.00;150.60;5;24254277#0_0;56.58;0.00;12.85;DEFAULT_VEHTYPE;364.02;618.46
12.00;150.60;6;24254277#0_0;24.59;0.00;8.20;DEFAULT_VEHTYPE;348.31;646.34
12.00;156.41;7;24254277#4_0;0.63;0.00;9.93;DEFAULT_VEHTYPE;464.86;426.42
12.00;168.33;8;24254277#0_0;6.84;0.00;1.74;DEFAULT_VEHTYPE;340.86;662.37
13.00;181.91;0;24254277#9_0;10.05;0.00;14.15;DEFAULT_VEHTYPE;481.69;323.11
13.00;151.78;1;24254277#0_0;118.99;0.00;12.35;DEFAULT_VEHTYPE;394.38;563.94
13.00;178.45;10;24254277#8_0;6.46;0.00;1.36;DEFAULT_VEHTYPE;481.80;347.36
13.00;194.32;2;:572672_0_0;0.73;0.00;13.96;DEFAULT_VEHTYPE;475.11;290.18
13.00;156.64;4;24254277#3_0;7.41;0.00;14.64;DEFAULT_VEHTYPE;453.83;452.79
13.00;150.60;5;24254277#0_0;70.63;0.00;14.05;DEFAULT_VEHTYPE;370.92;606.22
13.00;150.60;6;24254277#0_0;34.48;0.00;9.90;DEFAULT_VEHTYPE;353.17;637.71
13.00;155.35;7;:672944232_0_0;0.42;0.00;12.41;DEFAULT_VEHTYPE;470.05;415.14
13.00;161.31;8;24254277#0_0;9.98;0.00;3.14;DEFAULT_VEHTYPE;341.92;659.41
14.00;188.45;0;:572671_0_0;1.76;0.00;14.57;DEFAULT_VEHTYPE;479.75;308.68
14.00;151.78;1;24254277#0_0;130.87;0.00;11.88;DEFAULT_VEHTYPE;400.00;553.47
14.00;178.45;10;24254277#8_0;10.02;0.00;3.56;DEFAULT_VEHTYPE;481.90;343.80
14.00;171.51;11;24254277#0_0;5.10;0.00;0.00;DEFAULT_VEHTYPE;340.33;664.03
14.00;181.91;14;24254277#9_0;5.10;0.00;0.00;DEFAULT_VEHTYPE;481.86;328.06
14.00;186.56;2;24254277#11_0;8.78;0.00;12.83;DEFAULT_VEHTYPE;473.42;277.46
14.00;157.59;4;24254277#3_0;22.03;0.00;14.61;DEFAULT_VEHTYPE;459.40;439.28
14.00;150.60;5;24254277#0_0;84.35;0.00;13.72;DEFAULT_VEHTYPE;377.65;594.27
14.00;150.60;6;24254277#0_0;45.59;0.00;11.10;DEFAULT_VEHTYPE;358.62;628.04
14.00;155.83;7;:572667_0_0;1.72;0.00;14.13;DEFAULT_VEHTYPE;475.85;402.27
14.00;160.33;8;24254277#0_0;14.89;0.00;4.91;DEFAULT_VEHTYPE;343.57;654.79
15.00;194.33;0;24254277#10_0;10.70;0.00;14.11;DEFAULT_VEHTYPE;476.34;294.99
15.00;151.78;1;24254277#0_0;142.94;0.00;12.07;DEFAULT_VEHTYPE;405.71;542.83
15.00;178.55;10;:300163116_0_0;0.28;0.00;5.83;DEFAULT_VEHTYPE;482.05;337.98
15.00;167.87;11;24254277#0_0;7.05;0.00;1.95;DEFAULT_VEHTYPE;340.93;662.17
15.00;181.91;14;24254277#9_0;7.07;0.00;1.97;DEFAULT_VEHTYPE;481.79;326.09
15.00;178.45;15;24254277#8_0;5.10;0.00;0.00;DEFAULT_VEHTYPE;481.77;348.72
15.00;191.44;2;:572673_0_0;3.60;0.00;13.65;DEFAULT_VEHTYPE;471.40;264.08
15.00;156.29;4;24254277#4_0;1.11;0.00;14.44;DEFAULT_VEHTYPE;465.06;425.99
15.00;150.60;5;24254277#0_0;97.82;0.00;13.48;DEFAULT_VEHTYPE;384.26;582.53
15.00;150.60;6;24254277#0_0;56.08;0.00;10.49;DEFAULT_VEHTYPE;363.77;618.90
15.00;176.06;7;24254277#6_0;10.86;0.00;14.42;DEFAULT_VEHTYPE;479.07;388.32
15.00;150.60;8;24254277#0_0;21.73;0.00;6.84;DEFAULT_VEHTYPE;346.91;648.83
16.00;153.17;1;24254277#1_0;3.47;0.00;12.75;DEFAULT_VEHTYPE;411.63;531.55
16.00;179.88;10;:300163116_0_0;4.02;0.00;3.74;DEFAULT_VEHTYPE;482.03;334.24
16.00;160.33;11;24254277#0_0;11.20;0.00;4.15;DEFAULT_VEHTYPE;342.33;658.27
16.00;181.91;14;24254277#9_0;10.77;0.00;3.70;DEFAULT_VEHTYPE;481.67;322.39
16.00;178.45;15;24254277#8_0;6.75;0.00;1.65;DEFAULT_VEHTYPE;481.81;347.08
16.00;192.73;2;766761483#2_0;11.33;0.00;12.78;DEFAULT_VEHTYPE;468.62;251.62
16.00;155.47;4;:672944232_0_0;2.88;0.00;14.39;DEFAULT_VEHTYPE;471.06;412.90
16.00;151.78;5;24254277#0_0;111.66;0.00;13.83;DEFAULT_VEHTYPE;390.92;570.40
16.00;150.60;6;24254277#0_0;66.36;0.00;10.28;DEFAULT_VEHTYPE;368.82;609.94
16.00;176.06;7;24254277#6_0;24.41;0.00;13.55;DEFAULT_VEHTYPE;480.00;374.81
16.00;150.60;8;24254277#0_0;30.04;0.00;8.31;DEFAULT_VEHTYPE;350.99;641.59
17.00;149.14;1;24254277#2_0;11.61;0.00;12.85;DEFAULT_VEHTYPE;417.95;520.48
17.00;181.31;10;24254277#9_0;3.23;0.00;4.31;DEFAULT_VEHTYPE;481.92;329.93
17.00;156.05;11;24254277#0_0;17.19;0.00;5.99;DEFAULT_VEHTYPE;344.68;652.78
17.00;171.51;13;24254277#0_0;5.10;0.00;0.00;DEFAULT_VEHTYPE;340.33;664.03
17.00;187.39;14;24254277#9_0;15.91;0.00;5.14;DEFAULT_VEHTYPE;481.02;317.30
17.00;178.45;15;24254277#8_0;10.43;0.00;3.68;DEFAULT_VEHTYPE;481.91;343.40
17.00;194.33;17;24254277#10_0;5.10;0.00;0.00;DEFAULT_VEHTYPE;477.73;300.42
17.00;193.05;2;766761483#3_0;0.87;0.00;13.45;DEFAULT_VEHTYPE;465.62;238.51
17.00;157.76;4;:572667_0_0;4.51;0.00;14.45;DEFAULT_VEHTYPE;476.84;399.67
17.00;151.78;5;24254277#0_0;124.73;0.00;13.07;DEFAULT_VEHTYPE;397.10;558.88
17.00;150.60;6;24254277#0_0;77.24;0.00;10.88;DEFAULT_VEHTYPE;374.16;600.47
17.00;175.06;7;24254277#7_0;3.04;0.00;10.95;DEFAULT_VEHTYPE;480.87;363.89
17.00;150.60;8;24254277#0_0;40.16;0.00;10.13;DEFAULT_VEHTYPE;355.96;632.77
18.00;149.09;1;24254277#2_0;23.40;0.00;11.79;DEFAULT_VEHTYPE;424.03;510.39
18.00;181.91;10;24254277#9_0;8.02;0.00;4.79;DEFAULT_VEHTYPE;481.76;325.14
18.00;150.60;11;24254277#0_0;25.54;0.00;8.35;DEFAULT_VEHTYPE;348.78;645.51
18.00;168.42;13;24254277#0_0;6.80;0.00;1.70;DEFAULT_VEHTYPE;340.85;662.41
18.00;188.38;14;24254277#9_0;22.41;0.00;6.50;DEFAULT_VEHTYPE;480.07;310.86
18.00;178.45;15;24254277#8_0;14.57;0.00;4.15;DEFAULT_VEHTYPE;482.02;339.26
18.00;194.33;17;24254277#10_0;6.65;0.00;1.55;DEFAULT_VEHTYPE;477.34;298.92
18.00;193.21;2;766761483#3_0;14.26;0.00;13.39;DEFAULT_VEHTYPE;462.56;225.48
18.00;176.06;4;24254277#6_0;13.53;0.00;14.30;DEFAULT_VEHTYPE;479.25;385.67
18.00;151.78;5;24254277#0_0;137.78;0.00;13.05;DEFAULT_VEHTYPE;403.27;547.38
18.00;150.60;6;24254277#0_0;88.01;0.00;10.77;DEFAULT_VEHTYPE;379.45;591.08
18.00;175.77;7;:572670_0_0;2.82;0.00;7.80;DEFAULT_VEHTYPE;481.49;356.11
18.00;150.60;8;24254277#0_0;52.09;0.00;11.93;DEFAULT_VEHTYPE;361.81;622.37
19.00;149.59;1;24254277#2_0;35.68;0.00;12.29;DEFAULT_VEHTYPE;430.25;499.79
19.00;185.37;10;24254277#9_0;14.36;0.00;6.34;DEFAULT_VEHTYPE;481.25;318.83
19.00;150.60;11;24254277#0_0;36.33;0.00;10.80;DEFAULT_VEHTYPE;354.08;636.10
19.00;160.52;13;24254277#0_0;10.34;0.00;3.53;DEFAULT_VEHTYPE;342.03;659.08
19.00;189.48;14;:572671_0_0;3.40;0.00;3.85;DEFAULT_VEHTYPE;479.42;307.07
19.00;179.75;15;:300163116_0_0;3.66;0.00;4.66;DEFAULT_VEHTYPE;482.04;334.60
19.00;194.33;17;24254277#10_0;10.73;0.00;4.08;DEFAULT_VEHTYPE;476.34;294.97
19.00;193.34;2;766761483#4_0;3.51;0.00;13.92;DEFAULT_VEHTYPE;459.37;211.93
19.00;176.06;4;24254277#6_0;26.32;0.00;12.79;DEFAULT_VEHTYPE;480.13;372.90
19.00;151.78;5;24254277#0_0;150.96;0.00;13.18;DEFAULT_VEHTYPE;409.50;535.77
19.00;150.60;6;24254277#0_0;98.27;0.00;10.25;DEFAULT_VEHTYPE;384.48;582.15
19.00;178.14;7;24254277#8_0;4.19;0.00;6.49;DEFAULT_VEHTYPE;481.74;349.64
19.00;150.60;8;24254277#0_0;63.41;0.00;11.31;DEFAULT_VEHTYPE;367.37;612.51
20.00;149.69;1;24254277#2_0;48.39;0.00;12.71;DEFAULT_VEHTYPE;436.66;488.82
20.00;188.38;10;24254277#9_0;18.00;0.00;3.64;DEFAULT_VEHTYPE;480.72;315.23
20.00;150.60;11;24254277#0_0;47.93;0.00;11.59;DEFAULT_VEHTYPE;359.77;626.00
20.00;159.70;13;24254277#0_0;15.31;0.00;4.98;DEFAULT_VEHTYPE;343.76;654.42
20.00;193.55;14;24254277#10_0;1.87;0.00;3.64;DEFAULT_VEHTYPE;478.53;303.55
20.00;181.90;15;24254277#9_0;4.95;0.00;6.39;DEFAULT_VEHTYPE;481.86;328.21
20.00;194.29;17;:572672_0_0;1.47;0.00;5.69;DEFAULT_VEHTYPE;474.93;289.46
20.00;193.38;2;766761483#4_0;17.53;0.00;14.02;DEFAULT_VEHTYPE;456.12;198.28
20.00;155.77;20;24254277#5_0;5.10;0.00;0.00;DEFAULT_VEHTYPE;474.18;405.99
20.00;174.86;4;24254277#7_0;4.42;0.00;10.42;DEFAULT_VEHTYPE;480.99;362.52
20.00;150.22;5;24254277#2_0;8.25;0.00;14.22;DEFAULT_VEHTYPE;416.21;523.36
20.00;151.77;6;24254277#0_0;108.95;0.00;10.68;DEFAULT_VEHTYPE;389.63;572.79
20.00;178.45;7;24254277#8_0;9.95;0.00;5.76;DEFAULT_VEHTYPE;481.90;343.88
20.00;150.60;8;24254277#0_0;74.45;0.00;11.04;DEFAULT_VEHTYPE;372.79;602.90
21.00;155.09;1;24254277#2_0;61.31;0.00;12.92;DEFAULT_VEHTYPE;442.63;477.38
21.00;188.38;10;24254277#9_0;22.31;0.00;4.31;DEFAULT_VEHTYPE;480.09;310.96
21.00;150.60;11;24254277#0_0;59.66;0.00;11.74;DEFAULT_VEHTYPE;365.53;615.78
21.00;150.60;13;24254277#0_0;21.73;0.00;6.42;DEFAULT_VEHTYPE;346.91;648.83
21.00;194.33;14;24254277#10_0;7.39;0.00;5.52;DEFAULT_VEHTYPE;477.16;298.20
21.00;181.91;15;24254277#9_0;9.56;0.00;4.61;DEFAULT_VEHTYPE;481.71;323.60
21.00;150.46;16;24254277#2_0;5.10;0.00;0.00;DEFAULT_VEHTYPE;414.64;526.09
21.00;186.59;17;24254277#11_0;4.42;0.00;7.73;DEFAULT_VEHTYPE;473.92;281.79
21.00;192.95;2;766761483#4_0;31.14;0.00;13.61;DEFAULT_VEHTYPE;453.01;185.03
21.00;155.77;20;24254277#5_0;6.53;0.00;1.43;DEFAULT_VEHTYPE;474.77;404.68
21.00;171.51;21;24254277#0_0;5.10;0.00;0.00;DEFAULT_VEHTYPE;340.33;664.03
21.00;176.18;4;:572670_0_0;3.99;0.00;7.59;DEFAULT_VEHTYPE;481.56;354.95
21.00;148.91;5;24254277#2_0;22.14;0.00;13.89;DEFAULT_VEHTYPE;423.40;511.47
21.00;151.78;6;24254277#0_0;120.20;0.00;11.25;DEFAULT_VEHTYPE;394.95;562.88
21.00;178.65;7;:300163116_0_0;0.56;0.00;6.18;DEFAULT_VEHTYPE;482.05;337.70
21.00;150.60;8;24254277#0_0;86.33;0.00;11.88;DEFAULT_VEHTYPE;378.62;592.55
22.00;155.09;1;24254277#2_0;73.98;0.00;12.67;DEFAULT_VEHTYPE;447.97;465.88
22.00;190.93;10;:572671_0_0;4.69;0.00;5.24;DEFAULT_VEHTYPE;479.11;305.83
22.00;150.60;11;24254277#0_0;70.73;0.00;11.07;DEFAULT_VEHTYPE;370.96;606.13
22.00;150.60;13;24254277#0_0;30.64;0.00;8.91;DEFAULT_VEHTYPE;351.29;641.06
22.00;194.33;14;24254277#10_0;14.78;0.00;7.39;DEFAULT_VEHTYPE;475.33;291.05
22.00;185.13;15;24254277#9_0;14.17;0.00;4.61;DEFAULT_VEHTYPE;481.28;319.02
22.00;150.46;16;24254277#2_0;6.99;0.00;1.89;DEFAULT_VEHTYPE;415.57;524.45
22.00;184.73;17;766761483#1_0;0.31;0.00;10.25;DEFAULT_VEHTYPE;472.92;271.71
22.00;192.75;2;766761483#4_0;44.51;0.00;13.37;DEFAULT_VEHTYPE;450.06;171.99
22.00;156.20;20;:572667_0_0;2.94;0.00;3.87;DEFAULT_VEHTYPE;476.32;401.14
22.00;168.75;21;24254277#0_0;6.66;0.00;1.56;DEFAULT_VEHTYPE;340.80;662.54
22.00;178.45;4;24254277#8_0;5.62;0.00;6.74;DEFAULT_VEHTYPE;481.78;348.21
22.00;149.60;5;24254277#2_0;35.82;0.00;13.68;DEFAULT_VEHTYPE;430.32;499.67
22.00;151.78;6;24254277#0_0;131.23;0.00;11.03;DEFAULT_VEHTYPE;400.17;553.15
22.00;180.22;7;:300163116_0_0;4.99;0.00;4.43;DEFAULT_VEHTYPE;482.03;333.27
22.00;150.60;8;24254277#0_0;97.73;0.00;11.40;DEFAULT_VEHTYPE;384.22;582.61
23.00;194.33;10;24254277#10_0;6.50;0.00;6.98;DEFAULT_VEHTYPE;477.38;299.07
23.00;150.60;11;24254277#0_0;82.04;0.00;11.31;DEFAULT_VEHTYPE;376.51;596.28
23.00;150.60;13;24254277#0_0;41.56;0.00;10.92;DEFAULT_VEHTYPE;356.65;631.55
23.00;186.56;14;24254277#11_0;4.97;0.00;9.93;DEFAULT_VEHTYPE;473.85;281.24
23.00;188.38;15;24254277#9_0;18.69;0.00;4.52;DEFAULT_VEHTYPE;480.62;314.55
23.00;149.51;16;24254277#2_0;10.46;0.00;3.48;DEFAULT_VEHTYPE;417.36;521.47
23.00;192.24;17;766761483#2_0;2.75;0.00;11.96;DEFAULT_VEHTYPE;470.50;259.98
23.00;192.75;2;766761483#4_0;58.25;0.00;13.74;DEFAULT_VEHTYPE;447.03;158.60
23.00;162.41;20;24254277#6_0;4.07;0.00;6.41;DEFAULT_VEHTYPE;478.30;395.04
23.00;161.99;21;24254277#0_0;9.68;0.00;3.02;DEFAULT_VEHTYPE;341.81;659.70
23.00;178.45;4;24254277#8_0;11.03;0.00;5.42;DEFAULT_VEHTYPE;481.93;342.79
23.00;149.69;5;24254277#2_0;49.29;0.00;13.47;DEFAULT_VEHTYPE;437.12;488.04
23.00;151.78;6;24254277#0_0;142.66;0.00;11.43;DEFAULT_VEHTYPE;405.57;543.09
23.00;181.80;7;24254277#9_0;4.66;0.00;4.77;DEFAULT_VEHTYPE;481.87;328.50
23.00;151.78;8;24254277#0_0;109.31;0.00;11.58;DEFAULT_VEHTYPE;389.81;572.47
24.00;194.32;10;:572672_0_0;0.89;0.00;9.34;DEFAULT_VEHTYPE;475.07;290.01
24.00;150.60;11;24254277#0_0;93.00;0.00;10.96;DEFAULT_VEHTYPE;381.90;586.73
24.00;150.60;13;24254277#0_0;54.36;0.00;12.80;DEFAULT_VEHTYPE;362.93;620.39
24.00;188.21;14;766761483#1_0;2.88;0.00;12.27;DEFAULT_VEHTYPE;472.43;269.18
24.00;188.47;15;:572671_0_0;1.82;0.00;5.99;DEFAULT_VEHTYPE;479.74;308.62
24.00;148.86;16;24254277#2_0;16.28;0.00;5.81;DEFAULT_VEHTYPE;420.37;516.49
24.00;192.73;17;766761483#2_0;15.74;0.00;12.99;DEFAULT_VEHTYPE;467.64;247.31
24.00;178.45;18;24254277#8_0;5.10;0.00;0.00;DEFAULT_VEHTYPE;481.77;348.72
24.00;194.14;2;766761483#4_0;71.21;0.00;12.96;DEFAULT_VEHTYPE;443.86;146.03
24.00;176.06;20;24254277#6_0;12.58;0.00;8.50;DEFAULT_VEHTYPE;479.19;386.61
24.00;160.33;21;24254277#0_0;14.34;0.00;4.66;DEFAULT_VEHTYPE;343.38;655.31
24.00;171.51;22;24254277#0_0;5.10;0.00;0.00;DEFAULT_VEHTYPE;340.33;664.03
24.00;178.63;4;:300163116_0_0;0.49;0.00;5.02;DEFAULT_VEHTYPE;482.05;337.77
24.00;155.09;5;24254277#2_0;62.49;0.00;13.20;DEFAULT_VEHTYPE;443.12;476.31
24.00;151.80;6;:8047810788_0_0;0.04;0.00;9.36;DEFAULT_VEHTYPE;410.00;534.84
24.00;181.91;7;24254277#9_0;9.57;0.00;4.91;DEFAULT_VEHTYPE;481.71;323.59
24.00;151.78;8;24254277#0_0;121.26;0.00;11.94;DEFAULT_VEHTYPE;395.45;561.94
25.00;186.56;10;24254277#11_0;7.10;0.00;10.98;DEFAULT_VEHTYPE;473.61;279.13
25.00;150.60;11;24254277#0_0;103.82;0.00;10.82;DEFAULT_VEHTYPE;387.20;577.31
25.00;150.60;13;24254277#0_0;68.27;0.00;13.91;DEFAULT_VEHTYPE;369.76;608.28
25.00;192.73;14;766761483#2_0;6.54;0.00;13.18;DEFAULT_VEHTYPE;469.67;256.28
25.00;194.33;15;24254277#10_0;4.12;0.00;7.47;DEFAULT_VEHTYPE;477.97;301.37
25.00;149.16;16;24254277#2_0;23.86;0.00;7.59;DEFAULT_VEHTYPE;424.27;509.99
25.00;178.45;18;24254277#8_0;6.89;0.00;1.79;DEFAULT_VEHTYPE;481.82;346.94
25.00;194.14;2;766761483#4_0;84.41;0.00;13.20;DEFAULT_VEHTYPE;440.64;133.23
25.00;176.06;20;24254277#6_0;22.88;0.00;10.30;DEFAULT_VEHTYPE;479.89;376.33
25.00;150.60;21;24254277#0_0;20.57;0.00;6.23;DEFAULT_VEHTYPE;346.34;649.84
25.00;169.22;22;24254277#0_0;6.45;0.00;1.35;DEFAULT_VEHTYPE;340.73;662.74
25.00;180.31;4;24254277#9_0;0.24;0.00;4.86;DEFAULT_VEHTYPE;482.02;332.92
25.00;155.31;5;24254277#2_0;76.48;0.00;13.99;DEFAULT_VEHTYPE;449.00;463.61
25.00;151.46;6;24254277#2_0;3.37;0.00;8.28;DEFAULT_VEHTYPE;413.79;527.60
25.00;187.93;7;24254277#9_0;16.33;0.00;6.77;DEFAULT_VEHTYPE;480.96;316.88
25.00;151.78;8;24254277#0_0;133.14;0.00;11.88;DEFAULT_VEHTYPE;401.07;551.47
26.00;191.07;10;:572673_0_0;0.98;0.00;12.71;DEFAULT_VEHTYPE;471.93;266.65
26.00;151.78;11;24254277#0_0;115.28;0.00;11.47;DEFAULT_VEHTYPE;392.63;567.21
26.00;150.60;13;24254277#0_0;82.38;0.00;14.11;DEFAULT_VEHTYPE;376.68;595.98
26.00;192.83;14;:572674_0_0;1.73;0.00;14.08;DEFAULT_VEHTYPE;466.56;242.55
26.00;194.33;15;24254277#10_0;13.35;0.00;9.22;DEFAULT_VEHTYPE;475.69;292.43
26.00;149.58;16;24254277#2_0;33.97;0.00;10.11;DEFAULT_VEHTYPE;429.38;501.27
26.00;178.45;18;24254277#8_0;10.90;0.00;4.01;DEFAULT_VEHTYPE;481.92;342.93
26.00;202.66;2;766761483#4_0;97.93;0.00;13.52;DEFAULT_VEHTYPE;436.50;120.40
26.00;175.33;20;24254277#7_0;1.18;0.00;10.62;DEFAULT_VEHTYPE;480.70;365.75
26.00;150.60;21;24254277#0_0;28.67;0.00;8.09;DEFAULT_VEHTYPE;350.31;642.78
26.00;162.11;22;24254277#0_0;9.62;0.00;3.18;DEFAULT_VEHTYPE;341.79;659.75
26.00;181.91;4;24254277#9_0;7.16;0.00;6.92;DEFAULT_VEHTYPE;481.79;326.00
26.00;157.56;5;24254277#3_0;8.86;0.00;13.29;DEFAULT_VEHTYPE;454.38;451.45
26.00;148.86;6;24254277#2_0;12.49;0.00;9.12;DEFAULT_VEHTYPE;418.41;519.74
26.00;188.36;7;:572671_0_0;1.18;0.00;7.70;DEFAULT_VEHTYPE;479.84;309.25
26.00;151.78;8;24254277#0_0;144.32;0.00;11.18;DEFAULT_VEHTYPE;406.36;541.62
27.00;192.73;10;766761483#2_0;8.42;0.00;12.49;DEFAULT_VEHTYPE;469.26;254.45
27.00;151.78;11;24254277#0_0;126.54;0.00;11.25;DEFAULT_VEHTYPE;397.95;557.29
27.00;150.60;13;24254277#0_0;96.62;0.00;14.24;DEFAULT_VEHTYPE;383.67;583.57
27.00;193.21;14;766761483#3_0;9.82;0.00;13.11;DEFAULT_VEHTYPE;463.58;229.80
27.00;186.56;15;24254277#11_0;5.01;0.00;11.40;DEFAULT_VEHTYPE;473.85;281.20
27.00;149.69;16;24254277#2_0;46.58;0.00;12.62;DEFAULT_VEHTYPE;435.75;490.38
27.00;178.85;18;:300163116_0_0;1.12;0.00;5.79;DEFAULT_VEHTYPE;482.05;337.14
27.00;202.66;2;766761483#4_0;111.95;0.00;14.02;DEFAULT_VEHTYPE;431.10;107.46
27.00;175.46;20;:572670_0_0;1.95;0.00;8.79;DEFAULT_VEHTYPE;481.44;356.99
27.00;150.60;21;24254277#0_0;38.58;0.00;9.92;DEFAULT_VEHTYPE;355.18;634.14
27.00;160.33;22;24254277#0_0;14.62;0.00;5.00;DEFAULT_VEHTYPE;343.48;655.05
27.00;171.51;23;24254277#0_0;5.10;0.00;0.00;DEFAULT_VEHTYPE;340.33;664.03
27.00;155.17;24;24254277#3_0;5.10;0.00;0.00;DEFAULT_VEHTYPE;452.95;454.92
27.00;185.66;4;24254277#9_0;14.58;0.00;7.42;DEFAULT_VEHTYPE;481.22;318.61
27.00;157.59;5;24254277#3_0;22.01;0.00;13.15;DEFAULT_VEHTYPE;459.39;439.30
27.00;149.07;6;24254277#2_0;23.28;0.00;10.79;DEFAULT_VEHTYPE;423.97;510.49
27.00;194.33;7;24254277#10_0;4.24;0.00;8.23;DEFAULT_VEHTYPE;477.94;301.26
27.00;153.13;8;24254277#1_0;3.38;0.00;11.29;DEFAULT_VEHTYPE;411.59;531.62
28.00;192.81;10;:572674_0_0;1.40;0.00;11.87;DEFAULT_VEHTYPE;466.64;242.88
28.00;151.78;11;24254277#0_0;137.55;0.00;11.02;DEFAULT_VEHTYPE;403.16;547.58
28.00;151.78;13;24254277#0_0;111.17;0.00;14.54;DEFAULT_VEHTYPE;390.68;570.83
28.00;190.24;15;766761483#1_0;4.38;0.00;13.73;DEFAULT_VEHTYPE;472.15;267.70
28.00;155.09;16;24254277#2_0;60.71;0.00;14.12;DEFAULT_VEHTYPE;442.37;477.92
28.00;181.31;18;24254277#9_0;3.20;0.00;7.18;DEFAULT_VEHTYPE;481.92;329.96
28.00;203.06;2;766761483#4_0;124.75;0.00;12.80;DEFAULT_VEHTYPE;426.14;95.66
28.00;178.45;20;24254277#8_0;5.66;0.00;8.84;DEFAULT_VEHTYPE;481.78;348.16
28.00;150.60;21;24254277#0_0;49.88;0.00;11.30;DEFAULT_VEHTYPE;360.73;624.30
28.00;150.60;22;24254277#0_0;21.68;0.00;7.06;DEFAULT_VEHTYPE;346.89;648.87
28.00;168.24;23;24254277#0_0;6.89;0.00;1.79;DEFAULT_VEHTYPE;340.87;662.33
28.00;156.43;24;24254277#3_0;7.09;0.00;1.99;DEFAULT_VEHTYPE;453.71;453.09
28.00;188.38;4;:572671_0_0;0.29;0.00;8.57;DEFAULT_VEHTYPE;479.97;310.14
28.00;156.33;5;24254277#4_0;0.93;0.00;14.28;DEFAULT_VEHTYPE;464.99;426.16
28.00;149.58;6;24254277#2_0;34.28;0.00;11.00;DEFAULT_VEHTYPE;429.54;501.00
28.00;194.33;7;24254277#10_0;14.22;0.00;9.98;DEFAULT_VEHTYPE;475.47;291.59
28.00;149.71;8;24254277#2_0;9.85;0.00;11.16;DEFAULT_VEHTYPE;417.04;522.00
29.00;193.21;10;766761483#3_0;9.38;0.00;13.00;DEFAULT_VEHTYPE;463.68;230.23
29.00;151.78;11;24254277#0_0;148.92;0.00;11.37;DEFAULT_VEHTYPE;408.53;537.57
29.00;151.78;13;24254277#0_0;124.10;0.00;12.93;DEFAULT_VEHTYPE;396.80;559.44
29.00;192.73;15;766761483#2_0;7.47;0.00;12.61;DEFAULT_VEHTYPE;469.46;255.37
29.00;155.09;16;24254277#2_0;70.92;0.00;10.21;DEFAULT_VEHTYPE;446.67;468.66
29.00;181.98;18;24254277#9_0;11.74;0.00;8.53;DEFAULT_VEHTYPE;481.63;321.43
29.00;203.31;2;766761483#4_0;137.89;0.00;13.14;DEFAULT_VEHTYPE;420.94;83.59
29.00;178.45;20;24254277#8_0;13.46;0.00;7.80;DEFAULT_VEHTYPE;481.99;340.37
29.00;150.60;21;24254277#0_0;62.18;0.00;12.30;DEFAULT_VEHTYPE;366.77;613.58
29.00;150.60;22;24254277#0_0;30.31;0.00;8.63;DEFAULT_VEHTYPE;351.12;641.35
29.00;160.95;23;24254277#0_0;10.14;0.00;3.25;DEFAULT_VEHTYPE;341.97;659.26
29.00;157.59;24;24254277#3_0;11.04;0.00;3.95;DEFAULT_VEHTYPE;455.21;449.44
29.00;194.33;4;24254277#10_0;4.89;0.00;9.77;DEFAULT_VEHTYPE;477.78;300.62
29.00;155.45;5;:672944232_0_0;2.45;0.00;14.14;DEFAULT_VEHTYPE;470.88;413.30
29.00;149.69;6;24254277#2_0;45.01;0.00;10.73;DEFAULT_VEHTYPE;434.96;491.74
29.00;186.56;7;24254277#11_0;6.32;0.00;11.84;DEFAULT_VEHTYPE;473.70;279.90
29.00;148.86;8;24254277#2_0;21.58;0.00;11.73;DEFAULT_VEHTYPE;423.11;511.95
30.00;193.23;10;:572675_0_0;2.53;0.00;12.81;DEFAULT_VEHTYPE;460.75;217.76
30.00;151.71;11;24254277#2_0;2.99;0.00;11.00;DEFAULT_VEHTYPE;413.61;527.93
30.00;151.78;13;24254277#0_0;137.28;0.00;13.18;DEFAULT_VEHTYPE;403.03;547.82
30.00;192.85;15;:572674_0_0;2.20;0.00;13.62;DEFAULT_VEHTYPE;466.45;242.10
30.00;155.93;16;24254277#2_0;79.87;0.00;8.96;DEFAULT_VEHTYPE;450.38;460.51
30.00;188.38;18;24254277#9_0;21.92;0.00;10.19;DEFAULT_VEHTYPE;480.15;311.35
30.00;203.31;2;766761483#4_0;150.90;0.00;13.01;DEFAULT_VEHTYPE;415.79;71.64
30.00;180.93;20;24254277#9_0;2.09;0.00;9.30;DEFAULT_VEHTYPE;481.96;331.07
30.00;150.60;21;24254277#0_0;74.20;0.00;12.02;DEFAULT_VEHTYPE;372.67;603.11
30.00;150.60;22;24254277#0_0;40.41;0.00;10.11;DEFAULT_VEHTYPE;356.08;632.55
30.00;159.36;23;24254277#0_0;15.49;0.00;5.35;DEFAULT_VEHTYPE;343.85;654.26
30.00;157.59;24;24254277#3_0;17.54;0.00;6.50;DEFAULT_VEHTYPE;457.69;443.43
30.00;171.51;26;24254277#0_0;5.10;0.00;0.00;DEFAULT_VEHTYPE;340.33;664.03
30.00;156.04;5;:572667_0_0;2.73;0.00;13.11;DEFAULT_VEHTYPE;476.25;401.34
30.00;151.18;6;24254277#2_0;56.00;0.00;11.00;DEFAULT_VEHTYPE;440.39;482.19
30.00;191.04;7;:572673_0_0;0.77;0.00;13.28;DEFAULT_VEHTYPE;471.97;266.85
30.00;149.58;8;24254277#2_0;32.89;0.00;11.31;DEFAULT_VEHTYPE;428.84;502.20
31.00;193.38;10;766761483#4_0;9.38;0.00;11.86;DEFAULT_VEHTYPE;458.01;206.22
31.00;148.86;11;24254277#2_0;14.62;0.00;11.63;DEFAULT_VEHTYPE;419.51;517.91
31.00;151.78;13;24254277#0_0;149.49;0.00;12.21;DEFAULT_VEHTYPE;408.80;537.06
31.00;193.21;15;766761483#3_0;11.26;0.00;14.08;DEFAULT_VEHTYPE;463.25;228.39
31.00;156.36;16;24254277#3_0;6.98;0.00;8.03;DEFAULT_VEHTYPE;453.67;453.19
31.00;194.33;18;24254277#10_0;5.90;0.00;12.01;DEFAULT_VEHTYPE;477.53;299.64
31.00;181.91;19;24254277#9_0;5.10;0.00;0.00;DEFAULT_VEHTYPE;481.86;328.06
31.00;204.07;2;766761483#4_0;164.24;0.00;13.34;DEFAULT_VEHTYPE;410.37;59.45
31.00;183.19;20;24254277#9_0;12.67;0.00;10.58;DEFAULT_VEHTYPE;481.50;320.50
31.00;150.60;21;24254277#0_0;86.26;0.00;12.06;DEFAULT_VEHTYPE;378.59;592.60
31.00;150.60;22;24254277#0_0;52.52;0.00;12.11;DEFAULT_VEHTYPE;362.03;622.00
31.00;150.60;23;24254277#0_0;22.99;0.00;7.51;DEFAULT_VEHTYPE;347.53;647.72
31.00;157.59;24;24254277#3_0;25.51;0.00;7.97;DEFAULT_VEHTYPE;460.73;436.06
31.00;166.51;26;24254277#0_0;7.66;0.00;2.56;DEFAULT_VEHTYPE;341.13;661.60
31.00;176.06;5;24254277#6_0;11.38;0.00;13.92;DEFAULT_VEHTYPE;479.10;387.81
31.00;155.09;6;24254277#2_0;67.26;0.00;11.26;DEFAULT_VEHTYPE;445.13;471.98
31.00;192.73;7;766761483#2_0;9.24;0.00;13.52;DEFAULT_VEHTYPE;469.07;253.65
31.00;149.69;8;24254277#2_0;43.96;0.00;11.07;DEFAULT_VEHTYPE;434.43;492.64
32.00;193.38;10;766761483#4_0;21.34;0.00;11.96;DEFAULT_VEHTYPE;455.24;194.58
32.00;149.44;11;24254277#2_0;25.84;0.00;11.22;DEFAULT_VEHTYPE;425.27;508.28
32.00;151.03;13;24254277#2_0;4.03;0.00;11.47;DEFAULT_VEHTYPE;414.12;527.02
32.00;193.24;15;:572675_0_0;3.44;0.00;11.84;DEFAULT_VEHTYPE;460.54;216.87
32.00;157.59;16;24254277#3_0;15.71;0.00;8.73;DEFAULT_VEHTYPE;456.99;445.12
32.00;192.88;18;:572672_0_0;3.27;0.00;12.32;DEFAULT_VEHTYPE;474.60;287.68
32.00;181.91;19;24254277#9_0;6.43;0.00;1.33;DEFAULT_VEHTYPE;481.82;326.73
32.00;188.36;20;:572671_0_0;1.44;0.00;11.63;DEFAULT_VEHTYPE;479.80;308.99
32.00;150.60;21;24254277#0_0;99.21;0.00;12.95;DEFAULT_VEHTYPE;384.94;581.32
32.00;150.60;22;24254277#0_0;66.35;0.00;13.82;DEFAULT_VEHTYPE;368.81;609.96
32.00;150.60;23;24254277#0_0;32.48;0.00;9.48;DEFAULT_VEHTYPE;352.19;639.46
32.00;156.41;24;24254277#4_0;0.64;0.00;10.49;DEFAULT_VEHTYPE;464.87;426.42
32.00;160.33;26;24254277#0_0;11.58;0.00;3.93;DEFAULT_VEHTYPE;342.45;657.91
32.00;193.21;30;766761483#3_0;5.10;0.00;0.00;DEFAULT_VEHTYPE;464.66;234.39
32.00;176.06;5;24254277#6_0;25.54;0.00;14.16;DEFAULT_VEHTYPE;480.08;373.68
32.00;155.57;6;24254277#2_0;77.88;0.00;10.62;DEFAULT_VEHTYPE;449.57;462.33
32.00;150.35;8;24254277#2_0;55.23;0.00;11.27;DEFAULT_VEHTYPE;440.07;482.89
33.00;192.75;10;766761483#4_0;34.25;0.00;12.92;DEFAULT_VEHTYPE;452.32;182.00
33.00;149.63;11;24254277#2_0;37.11;0.00;11.27;DEFAULT_VEHTYPE;430.97;498.56
33.00;148.86;13;24254277#2_0;15.97;0.00;11.94;DEFAULT_VEHTYPE;420.21;516.75
33.00;193.38;15;766761483#4_0;11.09;0.00;12.66;DEFAULT_VEHTYPE;457.61;204.55
33.00;157.59;16;24254277#3_0;26.64;0.00;10.93;DEFAULT_VEHTYPE;461.16;435.02
33.00;185.91;18;766761483#0_0;1.31;0.00;12.42;DEFAULT_VEHTYPE;473.23;275.34
33.00;181.91;19;24254277#9_0;9.88;0.00;3.44;DEFAULT_VEHTYPE;481.70;323.28
33.00;194.33;20;24254277#10_0;8.96;0.00;12.69;DEFAULT_VEHTYPE;476.77;296.68
33.00;151.78;21;24254277#0_0;112.14;0.00;12.93;DEFAULT_VEHTYPE;391.14;569.98
33.00;150.60;22;24254277#0_0;82.34;0.00;15.99;DEFAULT_VEHTYPE;376.66;596.02
33.00;150.60;23;24254277#0_0;44.43;0.00;11.95;DEFAULT_VEHTYPE;358.05;629.05
33.00;155.32;24;24254277#4_0;12.55;0.00;11.91;DEFAULT_VEHTYPE;469.84;415.60
33.00;154.29;26;24254277#0_0;18.09;0.00;6.51;DEFAULT_VEHTYPE;345.12;652.00
33.00;171.51;28;24254277#0_0;5.10;0.00;0.00;DEFAULT_VEHTYPE;340.33;664.03
33.00;193.21;30;766761483#3_0;6.51;0.00;1.41;DEFAULT_VEHTYPE;464.33;233.02
33.00;150.46;31;24254277#2_0;5.10;0.00;0.00;DEFAULT_VEHTYPE;414.64;526.09
33.00;174.78;5;24254277#7_0;7.21;0.00;13.99;DEFAULT_VEHTYPE;481.25;359.73
33.00;155.09;8;24254277#2_0;66.93;0.00;11.69;DEFAULT_VEHTYPE;444.99;472.28
34.00;192.75;10;766761483#4_0;46.63;0.00;12.37;DEFAULT_VEHTYPE;449.59;169.93
34.00;149.69;11;24254277#2_0;48.63;0.00;11.52;DEFAULT_VEHTYPE;436.79;488.61
34.00;149.58;13;24254277#2_0;27.83;0.00;11.86;DEFAULT_VEHTYPE;426.28;506.56
34.00;193.38;15;766761483#4_0;23.76;0.00;12.67;DEFAULT_VEHTYPE;454.68;192.23
34.00;155.65;16;24254277#4_0;3.66;0.00;12.38;DEFAULT_VEHTYPE;466.13;423.67
34.00;191.53;18;:572673_0_0;4.22;0.00;12.13;DEFAULT_VEHTYPE;471.28;263.48
34.00;186.25;19;24254277#9_0;15.03;0.00;5.15;DEFAULT_VEHTYPE;481.15;318.17
34.00;188.53;20;24254277#11_0;1.38;0.00;12.15;DEFAULT_VEHTYPE;474.26;284.81
34.00;151.78;21;24254277#0_0;123.93;0.00;11.80;DEFAULT_VEHTYPE;396.72;559.58
34.00;150.60;22;24254277#0_0;96.69;0.00;14.36;DEFAULT_VEHTYPE;383.71;583.52
34.00;150.60;23;24254277#0_0;57.30;0.00;12.87;DEFAULT_VEHTYPE;364.37;617.83
34.00;155.77;24;24254277#5_0;7.40;0.00;12.85;DEFAULT_VEHTYPE;475.13;403.89
34.00;150.60;26;24254277#0_0;26.19;0.00;8.11;DEFAULT_VEHTYPE;349.10;644.94
34.00;168.00;28;24254277#0_0;6.99;0.00;1.89;DEFAULT_VEHTYPE;340.91;662.23
34.00;193.21;30;766761483#3_0;9.98;0.00;3.47;DEFAULT_VEHTYPE;463.54;229.64
34.00;150.46;31;24254277#2_0;7.37;0.00;2.27;DEFAULT_VEHTYPE;415.76;524.12
34.00;178.45;5;24254277#8_0;7.44;0.00;13.37;DEFAULT_VEHTYPE;481.83;346.38
34.00;155.77;8;24254277#2_0;79.01;0.00;12.08;DEFAULT_VEHTYPE;450.03;461.30
35.00;192.96;10;766761483#4_0;59.13;0.00;12.50;DEFAULT_VEHTYPE;446.81;157.74
35.00;155.09;11;24254277#2_0;60.44;0.00;11.81;DEFAULT_VEHTYPE;442.26;478.16
35.00;149.66;13;24254277#2_0;38.83;0.00;11.00;DEFAULT_VEHTYPE;431.84;497.08
35.00;192.75;15;766761483#4_0;36.88;0.00;13.12;DEFAULT_VEHTYPE;451.74;179.44
35.00;155.49;16;:672944232_0_0;3.25;0.00;12.21;DEFAULT_VEHTYPE;471.21;412.57
35.00;192.73;18;766761483#2_0;11.97;0.00;12.81;DEFAULT_VEHTYPE;468.47;250.99
35.00;188.38;19;24254277#9_0;22.77;0.00;7.74;DEFAULT_VEHTYPE;480.02;310.51
35.00;151.78;21;24254277#0_0;136.07;0.00;12.13;DEFAULT_VEHTYPE;402.46;548.89
35.00;151.78;22;24254277#0_0;110.27;0.00;13.58;DEFAULT_VEHTYPE;390.26;571.63
35.00;150.60;23;24254277#0_0;70.74;0.00;13.44;DEFAULT_VEHTYPE;370.97;606.12
35.00;169.94;24;24254277#6_0;8.10;0.00;13.44;DEFAULT_VEHTYPE;478.88;391.08
35.00;150.60;26;24254277#0_0;35.66;0.00;9.46;DEFAULT_VEHTYPE;353.75;636.69
35.00;160.55;28;24254277#0_0;10.32;0.00;3.33;DEFAULT_VEHTYPE;342.03;659.09
35.00;193.21;30;766761483#3_0;15.00;0.00;5.02;DEFAULT_VEHTYPE;462.39;224.75
35.00;149.24;31;24254277#2_0;11.30;0.00;3.93;DEFAULT_VEHTYPE;417.79;520.75
35.00;179.58;5;:300163116_0_0;3.17;0.00;11.30;DEFAULT_VEHTYPE;482.04;335.09
35.00;157.59;8;24254277#3_0;9.94;0.00;11.85;DEFAULT_VEHTYPE;454.79;450.45
36.00;194.14;10;766761483#4_0;71.02;0.00;11.90;DEFAULT_VEHTYPE;443.91;146.21
36.00;155.09;11;24254277#2_0;72.32;0.00;11.88;DEFAULT_VEHTYPE;447.26;467.39
36.00;149.69;13;24254277#2_0;51.12;0.00;12.29;DEFAULT_VEHTYPE;438.04;486.46
36.00;192.75;15;766761483#4_0;49.64;0.00;12.77;DEFAULT_VEHTYPE;448.93;166.99
36.00;157.05;16;:572667_0_0;3.91;0.00;13.49;DEFAULT_VEHTYPE;476.65;400.23
36.00;192.91;18;:572674_0_0;3.16;0.00;10.08;DEFAULT_VEHTYPE;466.24;241.16
36.00;194.33;19;24254277#10_0;5.04;0.00;10.30;DEFAULT_VEHTYPE;477.74;300.48
36.00;151.78;21;24254277#0_0;147.72;0.00;11.65;DEFAULT_VEHTYPE;407.96;538.63
36.00;151.78;22;24254277#0_0;123.77;0.00;13.50;DEFAULT_VEHTYPE;396.64;559.73
36.00;150.60;23;24254277#0_0;83.62;0.00;12.88;DEFAULT_VEHTYPE;377.29;594.90
36.00;176.06;24;24254277#6_0;21.92;0.00;13.82;DEFAULT_VEHTYPE;479.83;377.29
36.00;150.60;26;24254277#0_0;47.69;0.00;12.03;DEFAULT_VEHTYPE;359.65;626.21
36.00;158.88;28;24254277#0_0;15.74;0.00;5.41;DEFAULT_VEHTYPE;343.97;654.05
36.00;171.51;29;24254277#0_0;5.10;0.00;0.00;DEFAULT_VEHTYPE;340.33;664.03
36.00;193.24;30;:572675_0_0;2.96;0.00;7.62;DEFAULT_VEHTYPE;460.65;217.34
36.00;148.86;31;24254277#2_0;17.38;0.00;6.08;DEFAULT_VEHTYPE;420.94;515.55
36.00;181.91;5;24254277#9_0;8.53;0.00;10.46;DEFAULT_VEHTYPE;481.75;324.63
36.00;157.59;8;24254277#3_0;22.04;0.00;12.11;DEFAULT_VEHTYPE;459.41;439.27
37.00;194.14;10;766761483#4_0;83.63;0.00;12.60;DEFAULT_VEHTYPE;440.83;133.99
37.00;155.09;13;24254277#2_0;62.78;0.00;11.66;DEFAULT_VEHTYPE;443.25;476.04
37.00;193.57;15;766761483#4_0;61.33;0.00;11.69;DEFAULT_VEHTYPE;446.28;155.61
37.00;176.06;16;24254277#6_0;12.77;0.00;14.14;DEFAULT_VEHTYPE;479.20;386.42
37.00;193.21;18;766761483#3_0;8.18;0.00;10.04;DEFAULT_VEHTYPE;463.95;231.39
37.00;194.31;19;:572672_0_0;1.19;0.00;11.10;DEFAULT_VEHTYPE;475.00;289.73
37.00;152.54;21;24254277#2_0;1.72;0.00;10.93;DEFAULT_VEHTYPE;412.98;529.04
37.00;151.78;22;24254277#0_0;136.62;0.00;12.85;DEFAULT_VEHTYPE;402.72;548.41
37.00;150.60;23;24254277#0_0;97.35;0.00;13.73;DEFAULT_VEHTYPE;384.03;582.94
37.00;150.60;26;24254277#0_0;60.96;0.00;13.28;DEFAULT_VEHTYPE;366.17;614.64
37.00;150.60;28;24254277#0_0;22.58;0.00;6.85;DEFAULT_VEHTYPE;347.33;648.08
37.00;169.03;29;24254277#0_0;6.53;0.00;1.43;DEFAULT_VEHTYPE;340.76;662.66
37.00;193.38;30;766761483#4_0;7.04;0.00;9.09;DEFAULT_VEHTYPE;458.55;208.49
37.00;149.36;31;24254277#2_0;25.29;0.00;7.90;DEFAULT_VEHTYPE;424.99;508.76
37.00;181.91;32;24254277#9_0;5.10;0.00;0.00;DEFAULT_VEHTYPE;481.86;328.06
37.00;188.38;5;24254277#9_0;20.97;0.00;12.43;DEFAULT_VEHTYPE;480.29;312.29
37.00;156.56;8;:572666_0_0;5.40;0.00;11.76;DEFAULT_VEHTYPE;463.98;428.43
38.00;200.96;10;766761483#4_0;96.02;0.00;12.39;DEFAULT_VEHTYPE;437.24;122.16
38.00;155.36;13;24254277#2_0;76.75;0.00;13.96;DEFAULT_VEHTYPE;449.11;463.37
38.00;194.14;15;766761483#4_0;74.22;0.00;12.89;DEFAULT_VEHTYPE;443.13;143.11
38.00;176.02;16;:572669_0_0;0.34;0.00;14.91;DEFAULT_VEHTYPE;480.23;371.53
38.00;193.21;18;766761483#3_0;19.03;0.00;10.85;DEFAULT_VEHTYPE;461.47;220.84
38.00;186.56;19;24254277#11_0;8.39;0.00;11.98;DEFAULT_VEHTYPE;473.46;277.84
38.00;148.96;21;24254277#2_0;12.18;0.00;10.47;DEFAULT_VEHTYPE;418.25;520.00
38.00;151.78;22;24254277#0_0;148.08;0.00;11.46;DEFAULT_VEHTYPE;408.13;538.31
38.00;151.78;23;24254277#0_0;111.15;0.00;13.79;DEFAULT_VEHTYPE;390.68;570.85
38.00;150.60;26;24254277#0_0;74.39;0.00;13.43;DEFAULT_VEHTYPE;372.76;602.94
38.00;150.60;28;24254277#0_0;31.77;0.00;9.19;DEFAULT_VEHTYPE;351.84;640.08
38.00;160.42;29;24254277#0_0;10.38;0.00;3.85;DEFAULT_VEHTYPE;342.05;659.04
38.00;193.38;30;766761483#4_0;17.52;0.00;10.48;DEFAULT_VEHTYPE;456.13;198.29
38.00;149.58;31;24254277#2_0;34.91;0.00;9.62;DEFAULT_VEHTYPE;429.86;500.46
38.00;181.91;32;24254277#9_0;6.95;0.00;1.85;DEFAULT_VEHTYPE;481.80;326.21
38.00;155.32;8;24254277#4_0;9.98;0.00;11.54;DEFAULT_VEHTYPE;468.77;417.93
39.00;202.66;10;766761483#4_0;108.85;0.00;12.84;DEFAULT_VEHTYPE;432.29;110.31
39.00;194.14;15;766761483#4_0;87.01;0.00;12.79;DEFAULT_VEHTYPE;440.00;130.70
39.00;175.75;16;:572670_0_0;2.78;0.00;15.43;DEFAULT_VEHTYPE;481.49;356.16
39.00;193.38;18;766761483#4_0;5.38;0.00;11.02;DEFAULT_VEHTYPE;458.94;210.11
39.00;191.06;19;:572673_0_0;0.91;0.00;11.34;DEFAULT_VEHTYPE;471.95;266.72
39.00;149.02;21;24254277#2_0;22.94;0.00;10.76;DEFAULT_VEHTYPE;423.80;510.78
39.00;152.20;22;24254277#2_0;2.23;0.00;11.09;DEFAULT_VEHTYPE;413.23;528.59
39.00;151.78;23;24254277#0_0;124.59;0.00;13.44;DEFAULT_VEHTYPE;397.03;559.00
39.00;150.60;26;24254277#0_0;87.77;0.00;13.38;DEFAULT_VEHTYPE;379.33;591.29
39.00;155.17;27;24254277#3_0;5.10;0.00;0.00;DEFAULT_VEHTYPE;452.95;454.92
39.00;150.60;28;24254277#0_0;43.13;0.00;11.36;DEFAULT_VEHTYPE;357.41;630.18
39.00;157.38;29;24254277#0_0;16.51;0.00;6.13;DEFAULT_VEHTYPE;344.35;653.38
39.00;193.08;30;766761483#4_0;30.13;0.00;12.60;DEFAULT_VEHTYPE;453.23;186.02
39.00;149.69;31;24254277#2_0;46.46;0.00;11.55;DEFAULT_VEHTYPE;435.69;490.48
39.00;181.91;32;24254277#9_0;11.08;0.00;4.13;DEFAULT_VEHTYPE;481.66;322.08
39.00;171.51;33;24254277#0_0;5.10;0.00;0.00;DEFAULT_VEHTYPE;340.33;664.03
39.00;155.74;8;24254277#5_0;4.16;0.00;12.17;DEFAULT_VEHTYPE;473.80;406.85
40.00;202.66;10;766761483#4_0;120.97;0.00;12.12;DEFAULT_VEHTYPE;427.62;99.13
40.00;202.66;15;766761483#4_0;99.50;0.00;12.49;DEFAULT_VEHTYPE;435.90;118.94
40.00;178.45;16;24254277#8_0;9.97;0.00;12.31;DEFAULT_VEHTYPE;481.90;343.86
40.00;193.38;18;766761483#4_0;18.11;0.00;12.73;DEFAULT_VEHTYPE;455.99;197.72
40.00;192.73;19;766761483#2_0;7.22;0.00;11.36;DEFAULT_VEHTYPE;469.52;255.62
40.00;149.58;21;24254277#2_0;35.19;0.00;12.25;DEFAULT_VEHTYPE;430.00;500.22
40.00;148.86;22;24254277#2_0;13.25;0.00;11.02;DEFAULT_VEHTYPE;418.80;519.08
40.00;151.78;23;24254277#0_0;137.76;0.00;13.17;DEFAULT_VEHTYPE;403.26;547.40
40.00;150.60;26;24254277#0_0;101.10;0.00;13.33;DEFAULT_VEHTYPE;385.87;579.68
40.00;156.16;27;24254277#3_0;6.65;0.00;1.55;DEFAULT_VEHTYPE;453.54;453.49
40.00;150.60;28;24254277#0_0;54.21;0.00;11.08;DEFAULT_VEHTYPE;362.85;620.53
40.00;150.60;29;24254277#0_0;25.18;0.00;8.67;DEFAULT_VEHTYPE;348.60;645.82
40.00;192.75;30;766761483#4_0;42.23;0.00;12.10;DEFAULT_VEHTYPE;450.56;174.22
40.00;155.07;31;24254277#2_0;59.61;0.00;13.14;DEFAULT_VEHTYPE;441.91;478.92
40.00;188.38;32;24254277#9_0;16.80;0.00;5.72;DEFAULT_VEHTYPE;480.89;316.42
40.00;168.65;33;24254277#0_0;6.70;0.00;1.60;DEFAULT_VEHTYPE;340.81;662.50
40.00;162.31;8;24254277#6_0;3.44;0.00;12.02;DEFAULT_VEHTYPE;478.11;395.65
41.00;203.31;10;766761483#4_0;134.00;0.00;13.02;DEFAULT_VEHTYPE;422.48;87.16
41.00;202.66;15;766761483#4_0;111.05;0.00;11.55;DEFAULT_VEHTYPE;431.45;108.29
41.00;180.38;16;24254277#9_0;0.45;0.00;11.15;DEFAULT_VEHTYPE;482.01;332.71
41.00;193.07;18;766761483#4_0;30.21;0.00;12.10;DEFAULT_VEHTYPE;453.22;185.94
41.00;192.74;19;:572674_0_0;0.22;0.00;11.89;DEFAULT_VEHTYPE;466.90;244.03
41.00;149.69;21;24254277#2_0;47.31;0.00;12.12;DEFAULT_VEHTYPE;436.12;489.76
41.00;149.39;22;24254277#2_0;25.48;0.00;12.23;DEFAULT_VEHTYPE;425.09;508.59
41.00;151.78;23;24254277#0_0;151.82;0.00;14.06;DEFAULT_VEHTYPE;409.90;535.01
41.00;151.78;26;24254277#0_0;114.24;0.00;13.14;DEFAULT_VEHTYPE;392.14;568.13
41.00;157.59;27;24254277#3_0;10.16;0.00;3.50;DEFAULT_VEHTYPE;454.88;450.25
41.00;150.60;28;24254277#0_0;65.25;0.00;11.04;DEFAULT_VEHTYPE;368.27;610.91
41.00;150.60;29;24254277#0_0;35.44;0.00;10.26;DEFAULT_VEHTYPE;353.64;636.88
41.00;192.75;30;766761483#4_0;53.99;0.00;11.76;DEFAULT_VEHTYPE;447.97;162.75
41.00;155.09;31;24254277#2_0;69.73;0.00;10.12;DEFAULT_VEHTYPE;446.17;469.74
41.00;188.49;32;:572671_0_0;1.88;0.00;7.95;DEFAULT_VEHTYPE;479.73;308.56
41.00;160.33;33;24254277#0_0;10.83;0.00;4.13;DEFAULT_VEHTYPE;342.20;658.61
41.00;176.06;8;24254277#6_0;15.17;0.00;11.73;DEFAULT_VEHTYPE;479.36;384.03
42.00;203.31;10;766761483#4_0;146.90;0.00;12.90;DEFAULT_VEHTYPE;417.37;75.32
42.00;202.92;15;766761483#4_0;123.73;0.00;12.68;DEFAULT_VEHTYPE;426.54;96.60
42.00;181.91;16;24254277#9_0;10.80;0.00;10.35;DEFAULT_VEHTYPE;481.67;322.36
42.00;192.75;18;766761483#4_0;42.13;0.00;11.92;DEFAULT_VEHTYPE;450.58;174.32
42.00;193.21;19;766761483#3_0;6.45;0.00;11.26;DEFAULT_VEHTYPE;464.35;233.07
42.00;154.21;21;24254277#2_0;58.81;0.00;11.51;DEFAULT_VEHTYPE;441.57;479.64
42.00;149.64;22;24254277#2_0;37.86;0.00;12.38;DEFAULT_VEHTYPE;431.35;497.91
42.00;150.14;23;24254277#2_0;8.51;0.00;13.62;DEFAULT_VEHTYPE;416.35;523.14
42.00;151.78;26;24254277#0_0;126.72;0.00;12.48;DEFAULT_VEHTYPE;398.04;557.13
42.00;157.59;27;24254277#3_0;15.00;0.00;4.85;DEFAULT_VEHTYPE;456.73;445.77
42.00;150.60;28;24254277#0_0;75.44;0.00;10.19;DEFAULT_VEHTYPE;373.28;602.03
42.00;150.60;29;24254277#0_0;46.62;0.00;11.18;DEFAULT_VEHTYPE;359.13;627.14
42.00;194.14;30;766761483#4_0;66.32;0.00;12.33;DEFAULT_VEHTYPE;445.06;150.77
42.00;155.72;31;24254277#2_0;78.74;0.00;9.01;DEFAULT_VEHTYPE;449.92;461.55
42.00;194.33;32;24254277#10_0;6.94;0.00;10.22;DEFAULT_VEHTYPE;477.27;298.64
42.00;157.50;33;24254277#0_0;16.45;0.00;5.61;DEFAULT_VEHTYPE;344.32;653.43
42.00;171.51;34;24254277#0_0;5.10;0.00;0.00;DEFAULT_VEHTYPE;340.33;664.03
42.00;176.06;8;24254277#6_0;26.34;0.00;11.17;DEFAULT_VEHTYPE;480.13;372.88
43.00;204.07;10;766761483#4_0;158.71;0.00;11.81;DEFAULT_VEHTYPE;412.63;64.50
43.00;203.31;15;766761483#4_0;137.26;0.00;13.53;DEFAULT_VEHTYPE;421.19;84.17
43.00;188.38;16;24254277#9_0;22.76;0.00;11.96;DEFAULT_VEHTYPE;480.02;310.52
43.00;192.75;18;766761483#4_0;54.35;0.00;12.22;DEFAULT_VEHTYPE;447.89;162.40
43.00;193.21;19;766761483#3_0;17.79;0.00;11.34;DEFAULT_VEHTYPE;461.76;222.03
43.00;155.09;21;24254277#2_0;68.55;0.00;9.74;DEFAULT_VEHTYPE;445.68;470.81
43.00;149.69;22;24254277#2_0;49.28;0.00;11.42;DEFAULT_VEHTYPE;437.11;488.05
43.00;148.86;23;24254277#2_0;21.83;0.00;13.32;DEFAULT_VEHTYPE;423.24;511.74
43.00;151.78;26;24254277#0_0;140.09;0.00;13.38;DEFAULT_VEHTYPE;404.36;545.34
43.00;157.59;27;24254277#3_0;21.44;0.00;6.43;DEFAULT_VEHTYPE;459.18;439.83
43.00;150.60;28;24254277#0_0;86.70;0.00;11.25;DEFAULT_VEHTYPE;378.80;592.22
43.00;150.60;29;24254277#0_0;58.44;0.00;11.82;DEFAULT_VEHTYPE;364.93;616.84
43.00;194.14;30;766761483#4_0;78.75;0.00;12.44;DEFAULT_VEHTYPE;442.02;138.72
43.00;154.86;31;24254277#3_0;4.33;0.00;6.51;DEFAULT_VEHTYPE;452.66;455.64
43.00;191.01;32;:572672_0_0;4.54;0.00;12.56;DEFAULT_VEHTYPE;474.45;286.42
43.00;150.60;33;24254277#0_0;23.94;0.00;7.50;DEFAULT_VEHTYPE;348.00;646.90
43.00;166.68;34;24254277#0_0;7.58;0.00;2.48;DEFAULT_VEHTYPE;341.11;661.67
43.00;174.78;8;24254277#7_0;5.52;0.00;11.50;DEFAULT_VEHTYPE;481.09;361.42
44.00;204.07;10;766761483#4_0;171.70;0.00;12.99;DEFAULT_VEHTYPE;407.33;52.64
44.00;203.31;15;766761483#4_0;148.77;0.00;11.51;DEFAULT_VEHTYPE;416.64;73.60
44.00;194.33;16;24254277#10_0;8.36;0.00;13.63;DEFAULT_VEHTYPE;476.92;297.26
44.00;194.14;18;766761483#4_0;66.54;0.00;12.19;DEFAULT_VEHTYPE;445.00;150.56
44.00;155.09;21;24254277#2_0;75.19;0.00;6.64;DEFAULT_VEHTYPE;448.48;464.78
44.00;153.89;22;24254277#2_0;58.52;0.00;9.24;DEFAULT_VEHTYPE;441.45;479.91
44.00;149.59;23;24254277#2_0;35.60;0.00;13.77;DEFAULT_VEHTYPE;430.21;499.86
44.00;151.92;26;24254277#1_0;0.15;0.00;12.29;DEFAULT_VEHTYPE;410.16;534.51
44.00;157.38;27;:572666_0_0;1.04;0.00;8.01;DEFAULT_VEHTYPE;462.24;432.43
44.00;150.60;28;24254277#0_0;97.37;0.00;10.67;DEFAULT_VEHTYPE;384.04;582.93
44.00;150.60;29;24254277#0_0;69.36;0.00;10.91;DEFAULT_VEHTYPE;370.29;607.33
44.00;194.14;30;766761483#4_0;90.74;0.00;11.99;DEFAULT_VEHTYPE;439.09;127.09
44.00;157.59;31;24254277#3_0;11.25;0.00;6.92;DEFAULT_VEHTYPE;455.29;449.24
44.00;184.51;32;766761483#0_0;4.43;0.00;14.27;DEFAULT_VEHTYPE;473.00;272.24
44.00;150.60;33;24254277#0_0;33.92;0.00;9.98;DEFAULT_VEHTYPE;352.89;638.20
44.00;160.33;34;24254277#0_0;11.58;0.00;3.99;DEFAULT_VEHTYPE;342.45;657.91
44.00;178.10;8;24254277#8_0;4.08;0.00;11.70;DEFAULT_VEHTYPE;481.74;349.74
45.00;204.07;15;766761483#4_0;162.48;0.00;13.71;DEFAULT_VEHTYPE;411.09;61.06
45.00;186.63;16;24254277#11_0;3.80;0.00;15.16;DEFAULT_VEHTYPE;473.99;282.41
45.00;194.14;18;766761483#4_0;79.06;0.00;12.52;DEFAULT_VEHTYPE;441.95;138.42
45.00;155.30;21;24254277#3_0;2.11;0.00;7.83;DEFAULT_VEHTYPE;451.72;457.65
45.00;155.09;22;24254277#2_0;65.84;0.00;7.33;DEFAULT_VEHTYPE;444.54;473.26
45.00;149.69;23;24254277#2_0;46.58;0.00;10.98;DEFAULT_VEHTYPE;435.75;490.39
45.00;150.04;26;24254277#2_0;8.83;0.00;13.37;DEFAULT_VEHTYPE;416.51;522.87
45.00;155.46;27;24254277#4_0;4.43;0.00;10.35;DEFAULT_VEHTYPE;466.45;422.98
45.00;151.69;28;24254277#0_0;108.61;0.00;11.25;DEFAULT_VEHTYPE;389.48;573.08
45.00;150.60;29;24254277#0_0;80.90;0.00;11.55;DEFAULT_VEHTYPE;375.96;597.27
45.00;202.66;30;766761483#4_0;102.96;0.00;12.22;DEFAULT_VEHTYPE;434.56;115.75
45.00;157.59;31;24254277#3_0;20.47;0.00;9.22;DEFAULT_VEHTYPE;458.81;440.72
45.00;192.73;32;766761483#2_0;5.04;0.00;14.89;DEFAULT_VEHTYPE;470.00;257.74
45.00;150.60;33;24254277#0_0;46.36;0.00;12.44;DEFAULT_VEHTYPE;359.00;627.36
45.00;154.41;34;24254277#0_0;18.03;0.00;6.45;DEFAULT_VEHTYPE;345.09;652.05
45.00;171.51;35;24254277#0_0;5.10;0.00;0.00;DEFAULT_VEHTYPE;340.33;664.03
45.00;178.60;8;:300163116_0_0;0.41;0.00;11.90;DEFAULT_VEHTYPE;482.05;337.85
46.00;204.07;15;766761483#4_0;175.91;0.00;13.43;DEFAULT_VEHTYPE;405.61;48.80
46.00;189.43;16;766761483#1_0;3.79;0.00;14.35;DEFAULT_VEHTYPE;472.26;268.28
46.00;194.14;18;766761483#4_0;91.81;0.00;12.76;DEFAULT_VEHTYPE;438.83;126.05
46.00;157.59;21;24254277#3_0;10.76;0.00;8.65;DEFAULT_VEHTYPE;455.11;449.70
46.00;155.09;22;24254277#2_0;74.53;0.00;8.68;DEFAULT_VEHTYPE;448.19;465.39
46.00;151.08;23;24254277#2_0;55.91;0.00;9.33;DEFAULT_VEHTYPE;440.35;482.27
46.00;148.86;26;24254277#2_0;21.68;0.00;12.85;DEFAULT_VEHTYPE;423.16;511.87
46.00;155.50;27;:672944232_0_0;3.40;0.00;11.59;DEFAULT_VEHTYPE;471.28;412.43
46.00;151.78;28;24254277#0_0;119.54;0.00;10.92;DEFAULT_VEHTYPE;394.64;563.46
46.00;150.60;29;24254277#0_0;92.92;0.00;12.01;DEFAULT_VEHTYPE;381.85;586.81
46.00;202.66;30;766761483#4_0;114.84;0.00;11.88;DEFAULT_VEHTYPE;429.99;104.79
46.00;157.03;31;:572666_0_0;2.75;0.00;10.68;DEFAULT_VEHTYPE;462.93;430.86
46.00;192.80;32;:572674_0_0;1.30;0.00;15.15;DEFAULT_VEHTYPE;466.66;242.97
46.00;150.60;33;24254277#0_0;58.28;0.00;11.91;DEFAULT_VEHTYPE;364.85;616.99
46.00;150.60;34;24254277#0_0;26.39;0.00;8.36;DEFAULT_VEHTYPE;349.20;644.76
46.00;166.67;35;24254277#0_0;7.59;0.00;2.49;DEFAULT_VEHTYPE;341.11;661.67
46.00;150.46;40;24254277#2_0;5.10;0.00;0.00;DEFAULT_VEHTYPE;414.64;526.09
46.00;174.78;46;24254277#7_0;5.10;0.00;0.00;DEFAULT_VEHTYPE;481.05;361.84
46.00;181.91;8;24254277#9_0;7.13;0.00;11.83;DEFAULT_VEHTYPE;481.79;326.03
47.00;192.73;16;766761483#2_0;9.46;0.00;15.19;DEFAULT_VEHTYPE;469.03;253.44
47.00;202.66;18;766761483#4_0;103.42;0.00;11.61;DEFAULT_VEHTYPE;434.39;115.33
47.00;157.59;21;24254277#3_0;21.79;0.00;11.03;DEFAULT_VEHTYPE;459.31;439.50
47.00;155.09;23;24254277#2_0;65.50;0.00;9.59;DEFAULT_VEHTYPE;444.39;473.58
47.00;149.58;26;24254277#2_0;34.92;0.00;13.24;DEFAULT_VEHTYPE;429.87;500.45
47.00;155.82;27;:572667_0_0;1.63;0.00;11.06;DEFAULT_VEHTYPE;475.82;402.35
47.00;151.78;28;24254277#0_0;130.95;0.00;11.41;DEFAULT_VEHTYPE;400.04;553.40
47.00;150.68;29;24254277#0_0;104.33;0.00;11.41;DEFAULT_VEHTYPE;387.45;576.86
47.00;203.31;30;766761483#4_0;127.27;0.00;12.42;DEFAULT_VEHTYPE;425.14;93.35
47.00;155.32;31;24254277#4_0;7.68;0.00;11.89;DEFAULT_VEHTYPE;467.81;420.02
47.00;193.21;32;766761483#3_0;11.15;0.00;14.87;DEFAULT_VEHTYPE;463.27;228.50
47.00;150.60;33;24254277#0_0;70.98;0.00;12.70;DEFAULT_VEHTYPE;371.09;605.92
47.00;150.60;34;24254277#0_0;37.13;0.00;10.74;DEFAULT_VEHTYPE;354.47;635.41
47.00;160.33;35;24254277#0_0;11.87;0.00;4.29;DEFAULT_VEHTYPE;342.55;657.63
47.00;150.46;40;24254277#2_0;6.89;0.00;1.79;DEFAULT_VEHTYPE;415.53;524.53
47.00;174.78;46;24254277#7_0;6.85;0.00;1.75;DEFAULT_VEHTYPE;481.21;360.10
47.00;188.38;8;24254277#9_0;18.82;0.00;11.69;DEFAULT_VEHTYPE;480.60;314.42
48.00;193.05;16;766761483#3_0;0.87;0.00;15.32;DEFAULT_VEHTYPE;465.62;238.51
48.00;202.66;18;766761483#4_0;115.36;0.00;11.94;DEFAULT_VEHTYPE;429.79;104.31
48.00;155.51;23;24254277#2_0;77.56;0.00;12.06;DEFAULT_VEHTYPE;449.44;462.62
48.00;149.69;26;24254277#2_0;47.56;0.00;12.64;DEFAULT_VEHTYPE;436.24;489.54
48.00;170.62;27;24254277#6_0;8.35;0.00;12.00;DEFAULT_VEHTYPE;478.89;390.83
48.00;151.78;28;24254277#0_0;141.58;0.00;10.63;DEFAULT_VEHTYPE;405.07;544.03
48.00;151.78;29;24254277#0_0;115.75;0.00;11.42;DEFAULT_VEHTYPE;392.85;566.80
48.00;203.31;30;766761483#4_0;138.86;0.00;11.60;DEFAULT_VEHTYPE;420.55;82.70
48.00;155.62;31;24254277#5_0;1.03;0.00;11.33;DEFAULT_VEHTYPE;472.51;409.70
48.00;193.30;32;766761483#4_0;1.61;0.00;15.13;DEFAULT_VEHTYPE;459.81;213.78
48.00;150.60;33;24254277#0_0;83.43;0.00;12.45;DEFAULT_VEHTYPE;377.20;595.07
48.00;150.60;34;24254277#0_0;49.49;0.00;12.36;DEFAULT_VEHTYPE;360.54;624.64
48.00;155.35;35;24254277#0_0;17.55;0.00;5.68;DEFAULT_VEHTYPE;344.86;652.47
48.00;171.51;39;24254277#0_0;5.10;0.00;0.00;DEFAULT_VEHTYPE;340.33;664.03
48.00;149.51;40;24254277#2_0;10.49;0.00;3.60;DEFAULT_VEHTYPE;417.37;521.45
48.00;194.08;8;24254277#10_0;2.69;0.00;11.90;DEFAULT_VEHTYPE;478.32;302.75
49.00;193.21;16;766761483#3_0;16.35;0.00;15.49;DEFAULT_VEHTYPE;462.09;223.44
49.00;203.31;18;766761483#4_0;126.95;0.00;11.60;DEFAULT_VEHTYPE;425.27;93.63
49.00;157.59;23;24254277#3_0;9.84;0.00;13.20;DEFAULT_VEHTYPE;454.76;450.54
49.00;155.09;26;24254277#2_0;60.61;0.00;13.05;DEFAULT_VEHTYPE;442.33;478.01
49.00;176.06;27;24254277#6_0;20.65;0.00;12.30;DEFAULT_VEHTYPE;479.74;378.55
49.00;151.78;28;24254277#0_0;151.67;0.00;10.08;DEFAULT_VEHTYPE;409.83;535.14
49.00;151.78;29;24254277#0_0;127.72;0.00;11.98;DEFAULT_VEHTYPE;398.51;556.24
49.00;203.31;30;766761483#4_0;151.20;0.00;12.33;DEFAULT_VEHTYPE;415.67;71.37
49.00;158.17;31;:572667_0_0;4.84;0.00;11.28;DEFAULT_VEHTYPE;476.94;399.34
49.00;193.38;32;766761483#4_0;16.87;0.00;15.27;DEFAULT_VEHTYPE;456.28;198.93
49.00;150.60;33;24254277#0_0;96.25;0.00;12.82;DEFAULT_VEHTYPE;383.49;583.90
49.00;150.60;34;24254277#0_0;63.41;0.00;13.91;DEFAULT_VEHTYPE;367.37;612.52
49.00;150.60;35;24254277#0_0;25.40;0.00;7.85;DEFAULT_VEHTYPE;348.71;645.63
49.00;167.46;39;24254277#0_0;7.23;0.00;2.13;DEFAULT_VEHTYPE;340.99;662.00
49.00;148.86;40;24254277#2_0;15.41;0.00;4.92;DEFAULT_VEHTYPE;419.92;517.23
49.00;193.21;49;766761483#3_0;5.10;0.00;0.00;DEFAULT_VEHTYPE;464.66;234.39
49.00;194.33;8;24254277#10_0;14.25;0.00;11.55;DEFAULT_VEHTYPE;475.46;291.56
50.00;193.38;16;766761483#4_0;7.16;0.00;15.48;DEFAULT_VEHTYPE;458.52;208.37
50.00;203.31;18;766761483#4_0;139.74;0.00;12.79;DEFAULT_VEHTYPE;420.21;81.89
50.00;157.59;23;24254277#3_0;23.62;0.00;13.78;DEFAULT_VEHTYPE;460.01;437.81
50.00;155.09;26;24254277#2_0;73.94;0.00;13.32;DEFAULT_VEHTYPE;447.95;465.92
50.00;175.48;27;24254277#7_0;0.08;0.00;11.75;DEFAULT_VEHTYPE;480.60;366.84
50.00;151.24;28;24254277#2_0;3.71;0.00;8.97;DEFAULT_VEHTYPE;413.96;527.30
50.00;151.78;29;24254277#0_0;139.63;0.00;11.91;DEFAULT_VEHTYPE;404.14;545.75
50.00;204.07;30;766761483#4_0;163.53;0.00;12.33;DEFAULT_VEHTYPE;410.66;60.10
50.00;176.06;31;24254277#6_0;11.32;0.00;11.76;DEFAULT_VEHTYPE;479.10;387.87
50.00;192.83;32;766761483#4_0;32.10;0.00;15.23;DEFAULT_VEHTYPE;452.80;184.10
50.00;151.62;33;24254277#0_0;108.31;0.00;12.06;DEFAULT_VEHTYPE;389.33;573.36
50.00;150.60;34;24254277#0_0;78.90;0.00;15.50;DEFAULT_VEHTYPE;374.97;599.02
50.00;150.60;35;24254277#0_0;34.77;0.00;9.38;DEFAULT_VEHTYPE;353.31;637.46
50.00;160.33;39;24254277#0_0;11.58;0.00;4.34;DEFAULT_VEHTYPE;342.45;657.91
50.00;148.96;40;24254277#2_0;22.53;0.00;7.11;DEFAULT_VEHTYPE;423.59;511.14
50.00;193.21;49;766761483#3_0;6.85;0.00;1.75;DEFAULT_VEHTYPE;464.25;232.68
50.00;186.56;8;24254277#11_0;5.92;0.00;11.41;DEFAULT_VEHTYPE;473.74;280.29
51.00;193.38;16;766761483#4_0;22.51;0.00;15.35;DEFAULT_VEHTYPE;454.97;193.44
51.00;203.31;18;766761483#4_0;152.08;0.00;12.34;DEFAULT_VEHTYPE;415.32;70.55
51.00;155.69;26;24254277#3_0;5.92;0.00;12.91;DEFAULT_VEHTYPE;453.26;454.16
51.00;176.24;27;:572670_0_0;4.16;0.00;12.10;DEFAULT_VEHTYPE;481.57;354.77
51.00;149.02;28;24254277#2_0;12.00;0.00;8.29;DEFAULT_VEHTYPE;418.16;520.15
51.00;151.78;29;24254277#0_0;148.89;0.00;9.26;DEFAULT_VEHTYPE;408.52;537.60
51.00;204.07;30;766761483#4_0;175.92;0.00;12.40;DEFAULT_VEHTYPE;405.61;48.78
51.00;176.06;31;24254277#6_0;22.99;0.00;11.67;DEFAULT_VEHTYPE;479.90;376.22
51.00;192.75;32;766761483#4_0;47.74;0.00;15.64;DEFAULT_VEHTYPE;449.35;168.84
51.00;151.78;33;24254277#0_0;120.20;0.00;11.89;DEFAULT_VEHTYPE;394.95;562.88
51.00;150.60;34;24254277#0_0;92.71;0.00;13.81;DEFAULT_VEHTYPE;381.75;586.99
51.00;150.60;35;24254277#0_0;46.10;0.00;11.32;DEFAULT_VEHTYPE;358.87;627.60
51.00;155.45;39;24254277#0_0;17.50;0.00;5.92;DEFAULT_VEHTYPE;344.83;652.51
51.00;149.58;40;24254277#2_0;32.15;0.00;9.63;DEFAULT_VEHTYPE;428.46;502.84
51.00;171.51;44;24254277#0_0;5.10;0.00;0.00;DEFAULT_VEHTYPE;340.33;664.03
51.00;193.21;49;766761483#3_0;10.40;0.00;3.54;DEFAULT_VEHTYPE;463.45;229.23
51.00;188.92;8;766761483#1_0;3.41;0.00;11.84;DEFAULT_VEHTYPE;472.33;268.66
52.00;192.75;16;766761483#4_0;36.83;0.00;14.32;DEFAULT_VEHTYPE;451.76;179.49
52.00;204.07;18;766761483#4_0;164.33;0.00;12.24;DEFAULT_VEHTYPE;410.34;59.37
52.00;157.59;26;24254277#3_0;19.33;0.00;13.41;DEFAULT_VEHTYPE;458.37;441.77
52.00;178.45;27;24254277#8_0;10.60;0.00;11.55;DEFAULT_VEHTYPE;481.92;343.23
52.00;148.86;28;24254277#2_0;21.82;0.00;9.82;DEFAULT_VEHTYPE;423.23;511.75
52.00;152.92;29;24254277#2_0;1.13;0.00;9.18;DEFAULT_VEHTYPE;412.69;529.54
52.00;175.13;31;24254277#7_0;2.53;0.00;11.85;DEFAULT_VEHTYPE;480.82;364.40
52.00;194.03;32;766761483#4_0;62.98;0.00;15.24;DEFAULT_VEHTYPE;445.87;154.00
52.00;151.78;33;24254277#0_0;132.81;0.00;12.61;DEFAULT_VEHTYPE;400.92;551.76
52.00;151.21;34;24254277#0_0;106.58;0.00;13.87;DEFAULT_VEHTYPE;388.51;574.88
52.00;150.60;35;24254277#0_0;59.01;0.00;12.92;DEFAULT_VEHTYPE;365.21;616.34
52.00;155.17;37;24254277#3_0;5.10;0.00;0.00;DEFAULT_VEHTYPE;452.95;454.92
52.00;150.60;39;24254277#0_0;25.80;0.00;8.30;DEFAULT_VEHTYPE;348.91;645.28
52.00;149.69;40;24254277#2_0;43.59;0.00;11.43;DEFAULT_VEHTYPE;434.24;492.97
52.00;167.79;44;24254277#0_0;7.08;0.00;1.98;DEFAULT_VEHTYPE;340.94;662.14
52.00;193.21;49;766761483#3_0;16.08;0.00;5.68;DEFAULT_VEHTYPE;462.15;223.70
52.00;192.73;8;766761483#2_0;5.06;0.00;11.17;DEFAULT_VEHTYPE;470.00;257.73
53.00;192.75;16;766761483#4_0;52.23;0.00;15.40;DEFAULT_VEHTYPE;448.36;164.47
53.00;204.07;18;766761483#4_0;176.38;0.00;12.05;DEFAULT_VEHTYPE;405.42;48.37
53.00;156.86;26;:572666_0_0;3.55;0.00;12.62;DEFAULT_VEHTYPE;463.24;430.13
53.00;180.92;27;24254277#9_0;2.07;0.00;12.14;DEFAULT_VEHTYPE;481.96;331.09
53.00;149.58;28;24254277#2_0;33.15;0.00;11.33;DEFAULT_VEHTYPE;428.97;501.98
53.00;149.11;29;24254277#2_0;11.71;0.00;10.57;DEFAULT_VEHTYPE;418.00;520.40
53.00;177.10;31;24254277#8_0;1.49;0.00;12.10;DEFAULT_VEHTYPE;481.67;352.34
53.00;194.14;32;766761483#4_0;78.45;0.00;15.46;DEFAULT_VEHTYPE;442.10;139.01
53.00;151.78;33;24254277#0_0;144.31;0.00;11.50;DEFAULT_VEHTYPE;406.35;541.63
53.00;151.78;34;24254277#0_0;120.01;0.00;13.43;DEFAULT_VEHTYPE;394.86;563.05
53.00;150.60;35;24254277#0_0;73.82;0.00;14.80;DEFAULT_VEHTYPE;372.48;603.45
53.00;156.26;37;24254277#3_0;6.81;0.00;1.71;DEFAULT_VEHTYPE;453.60;453.35
53.00;150.60;39;24254277#0_0;35.43;0.00;9.63;DEFAULT_VEHTYPE;353.63;636.89
53.00;152.01;40;24254277#2_0;56.77;0.00;13.18;DEFAULT_VEHTYPE;440.71;481.49
53.00;160.33;44;24254277#0_0;11.44;0.00;4.36;DEFAULT_VEHTYPE;342.41;658.04
53.00;193.25;49;:572675_0_0;4.45;0.00;8.03;DEFAULT_VEHTYPE;460.31;215.89
53.00;192.73;8;766761483#2_0;16.09;0.00;11.03;DEFAULT_VEHTYPE;467.57;246.97
54.00;194.14;16;766761483#4_0;66.84;0.00;14.61;DEFAULT_VEHTYPE;444.93;150.26
54.00;155.32;26;24254277#4_0;9.21;0.00;12.63;DEFAULT_VEHTYPE;468.45;418.63
54.00;184.50;27;24254277#9_0;13.69;0.00;11.62;DEFAULT_VEHTYPE;481.35;319.50
54.00;149.69;28;24254277#2_0;44.45;0.00;11.30;DEFAULT_VEHTYPE;434.68;492.22
54.00;149.12;29;24254277#2_0;23.63;0.00;11.92;DEFAULT_VEHTYPE;424.15;510.19
54.00;178.45;31;24254277#8_0;13.05;0.00;11.57;DEFAULT_VEHTYPE;481.98;340.78
54.00;195.86;32;766761483#4_0;93.03;0.00;14.58;DEFAULT_VEHTYPE;438.39;124.92
54.00;153.38;33;24254277#1_0;4.03;0.00;11.95;DEFAULT_VEHTYPE;411.88;531.04
54.00;151.78;34;24254277#0_0;133.16;0.00;13.16;DEFAULT_VEHTYPE;401.08;551.45
54.00;150.60;35;24254277#0_0;89.67;0.00;15.85;DEFAULT_VEHTYPE;380.26;589.64
54.00;157.59;37;24254277#3_0;9.88;0.00;3.07;DEFAULT_VEHTYPE;454.77;450.51
54.00;150.60;39;24254277#0_0;46.61;0.00;11.18;DEFAULT_VEHTYPE;359.12;627.15
54.00;155.09;40;24254277#2_0;68.72;0.00;11.95;DEFAULT_VEHTYPE;445.75;470.66
54.00;154.53;44;24254277#0_0;17.97;0.00;6.53;DEFAULT_VEHTYPE;345.06;652.10
54.00;171.51;45;24254277#0_0;5.10;0.00;0.00;DEFAULT_VEHTYPE;340.33;664.03
54.00;193.38;49;766761483#4_0;9.37;0.00;9.93;DEFAULT_VEHTYPE;458.01;206.23
54.00;193.16;8;766761483#3_0;3.67;0.00;11.48;DEFAULT_VEHTYPE;464.98;235.78
55.00;194.14;16;766761483#4_0;81.31;0.00;14.46;DEFAULT_VEHTYPE;441.40;136.24
55.00;155.75;26;24254277#5_0;4.36;0.00;13.13;DEFAULT_VEHTYPE;473.88;406.67
55.00;189.07;27;:572671_0_0;2.93;0.00;12.10;DEFAULT_VEHTYPE;479.52;307.54
55.00;150.39;28;24254277#2_0;55.28;0.00;10.82;DEFAULT_VEHTYPE;440.08;482.85
55.00;149.58;29;24254277#2_0;34.37;0.00;10.74;DEFAULT_VEHTYPE;429.59;500.93
55.00;181.46;31;24254277#9_0;3.67;0.00;11.29;DEFAULT_VEHTYPE;481.91;329.49
55.00;202.66;32;766761483#4_0;107.85;0.00;14.83;DEFAULT_VEHTYPE;432.68;111.24
55.00;149.09;33;24254277#2_0;11.79;0.00;12.46;DEFAULT_VEHTYPE;418.04;520.34
55.00;151.78;34;24254277#0_0;146.03;0.00;12.87;DEFAULT_VEHTYPE;407.17;540.11
55.00;150.98;35;24254277#0_0;105.62;0.00;15.95;DEFAULT_VEHTYPE;388.06;575.72
55.00;157.59;37;24254277#3_0;14.44;0.00;4.56;DEFAULT_VEHTYPE;456.51;446.30
55.00;150.60;39;24254277#0_0;59.56;0.00;12.95;DEFAULT_VEHTYPE;365.48;615.86
55.00;155.36;40;24254277#2_0;76.78;0.00;8.06;DEFAULT_VEHTYPE;449.12;463.33
55.00;150.60;44;24254277#0_0;26.97;0.00;9.00;DEFAULT_VEHTYPE;349.48;644.26
55.00;166.65;45;24254277#0_0;7.59;0.00;2.49;DEFAULT_VEHTYPE;341.11;661.66
55.00;193.38;49;766761483#4_0;20.73;0.00;11.36;DEFAULT_VEHTYPE;455.38;195.18
55.00;193.21;8;766761483#3_0;15.19;0.00;11.53;DEFAULT_VEHTYPE;462.35;224.57
56.00;201.93;16;766761483#4_0;96.59;0.00;15.28;DEFAULT_VEHTYPE;437.02;121.63
56.00;162.52;26;24254277#6_0;4.85;0.00;13.24;DEFAULT_VEHTYPE;478.54;394.30
56.00;194.33;27;24254277#10_0;9.69;0.00;11.93;DEFAULT_VEHTYPE;476.59;295.97
56.00;155.09;28;24254277#2_0;64.90;0.00;9.63;DEFAULT_VEHTYPE;444.14;474.12
56.00;149.69;29;24254277#2_0;45.30;0.00;10.93;DEFAULT_VEHTYPE;435.10;491.49
56.00;186.99;31;24254277#9_0;15.61;0.00;11.94;DEFAULT_VEHTYPE;481.07;317.60
56.00;202.86;32;766761483#4_0;123.23;0.00;15.37;DEFAULT_VEHTYPE;426.74;97.06
56.00;149.04;33;24254277#2_0;23.08;0.00;11.29;DEFAULT_VEHTYPE;423.87;510.66
56.00;152.88;34;24254277#2_0;1.19;0.00;12.09;DEFAULT_VEHTYPE;412.72;529.50
56.00;151.78;35;24254277#0_0;120.99;0.00;15.37;DEFAULT_VEHTYPE;395.33;562.18
56.00;157.59;37;24254277#3_0;21.30;0.00;6.86;DEFAULT_VEHTYPE;459.12;439.95
56.00;150.60;39;24254277#0_0;74.51;0.00;14.95;DEFAULT_VEHTYPE;372.82;602.84
56.00;155.18;40;24254277#3_0;2.49;0.00;6.63;DEFAULT_VEHTYPE;451.89;457.30
56.00;150.60;44;24254277#0_0;38.52;0.00;11.55;DEFAULT_VEHTYPE;355.15;634.20
56.00;160.33;45;24254277#0_0;11.52;0.00;3.92;DEFAULT_VEHTYPE;342.43;657.97
56.00;192.75;49;766761483#4_0;33.41;0.00;12.69;DEFAULT_VEHTYPE;452.51;182.82
57.00;202.66;16;766761483#4_0;111.16;0.00;14.57;DEFAULT_VEHTYPE;431.41;108.19
57.00;176.06;26;24254277#6_0;17.66;0.00;12.80;DEFAULT_VEHTYPE;479.53;381.54
57.00;188.87;27;24254277#11_0;1.16;0.00;11.20;DEFAULT_VEHTYPE;474.29;285.03
57.00;155.09;28;24254277#2_0;72.96;0.00;8.06;DEFAULT_VEHTYPE;447.54;466.81
57.00;149.90;29;24254277#2_0;54.81;0.00;9.51;DEFAULT_VEHTYPE;439.89;483.27
57.00;190.78;31;:572671_0_0;4.56;0.00;11.82;DEFAULT_VEHTYPE;479.14;305.95
57.00;203.31;32;766761483#4_0;138.90;0.00;15.67;DEFAULT_VEHTYPE;420.54;82.66
57.00;149.58;33;24254277#2_0;34.34;0.00;11.26;DEFAULT_VEHTYPE;429.57;500.95
57.00;148.86;34;24254277#2_0;12.74;0.00;11.55;DEFAULT_VEHTYPE;418.54;519.52
57.00;151.78;35;24254277#0_0;136.55;0.00;15.56;DEFAULT_VEHTYPE;402.68;548.47
57.00;157.21;37;:572666_0_0;1.86;0.00;8.96;DEFAULT_VEHTYPE;462.57;431.68
57.00;150.60;39;24254277#0_0;89.73;0.00;15.22;DEFAULT_VEHTYPE;380.29;589.58
57.00;157.59;40;24254277#3_0;11.38;0.00;8.89;DEFAULT_VEHTYPE;455.34;449.12
57.00;150.60;44;24254277#0_0;51.33;0.00;12.81;DEFAULT_VEHTYPE;361.44;623.04
57.00;155.67;45;24254277#0_0;17.38;0.00;5.87;DEFAULT_VEHTYPE;344.78;652.61
57.00;171.51;47;24254277#0_0;5.10;0.00;0.00;DEFAULT_VEHTYPE;340.33;664.03
57.00;192.75;49;766761483#4_0;46.45;0.00;13.04;DEFAULT_VEHTYPE;449.63;170.10
58.00;203.31;16;766761483#4_0;126.67;0.00;15.51;DEFAULT_VEHTYPE;425.38;93.89
58.00;175.70;26;:572669_0_0;3.17;0.00;12.87;DEFAULT_VEHTYPE;480.45;368.71
58.00;184.90;27;766761483#0_0;3.56;0.00;12.00;DEFAULT_VEHTYPE;473.06;273.11
58.00;155.41;28;24254277#3_0;1.77;0.00;9.73;DEFAULT_VEHTYPE;451.58;457.95
58.00;155.09;29;24254277#2_0;62.97;0.00;8.16;DEFAULT_VEHTYPE;443.33;475.87
58.00;194.33;31;24254277#10_0;11.36;0.00;11.96;DEFAULT_VEHTYPE;476.18;294.36
58.00;203.45;32;766761483#4_0;153.66;0.00;14.76;DEFAULT_VEHTYPE;414.69;69.12
58.00;149.69;33;24254277#2_0;44.40;0.00;10.06;DEFAULT_VEHTYPE;434.65;492.27
58.00;149.16;34;24254277#2_0;23.85;0.00;11.11;DEFAULT_VEHTYPE;424.26;510.00
58.00;151.78;35;24254277#0_0;151.29;0.00;14.75;DEFAULT_VEHTYPE;409.66;535.47
58.00;155.32;37;24254277#4_0;6.21;0.00;11.31;DEFAULT_VEHTYPE;467.19;421.35
58.00;150.99;39;24254277#0_0;105.65;0.00;15.92;DEFAULT_VEHTYPE;388.08;575.69
58.00;157.59;40;24254277#3_0;20.62;0.00;9.25;DEFAULT_VEHTYPE;458.87;440.58
58.00;150.60;44;24254277#0_0;63.91;0.00;12.58;DEFAULT_VEHTYPE;367.62;612.08
58.00;150.60;45;24254277#0_0;24.76;0.00;7.38;DEFAULT_VEHTYPE;348.40;646.18
58.00;167.69;47;24254277#0_0;7.13;0.00;2.03;DEFAULT_VEHTYPE;340.96;662.10
58.00;193.38;49;766761483#4_0;60.61;0.00;14.16;DEFAULT_VEHTYPE;446.45;156.30
59.00;203.31;16;766761483#4_0;141.33;0.00;14.66;DEFAULT_VEHTYPE;419.58;80.43
59.00;175.81;26;:572670_0_0;2.95;0.00;12.77;DEFAULT_VEHTYPE;481.50;355.98
59.00;191.84;27;766761483#2_0;0.91;0.00;11.63;DEFAULT_VEHTYPE;470.91;261.77
59.00;157.59;28;24254277#3_0;11.16;0.00;9.39;DEFAULT_VEHTYPE;455.26;449.32
59.00;155.09;29;24254277#2_0;72.59;0.00;9.62;DEFAULT_VEHTYPE;447.38;467.14
59.00;186.62;31;24254277#11_0;4.06;0.00;12.44;DEFAULT_VEHTYPE;473.96;282.14
59.00;204.07;32;766761483#4_0;168.57;0.00;14.91;DEFAULT_VEHTYPE;408.61;55.50
59.00;149.69;33;24254277#2_0;53.72;0.00;9.32;DEFAULT_VEHTYPE;439.35;484.22
59.00;149.58;34;24254277#2_0;33.90;0.00;10.05;DEFAULT_VEHTYPE;429.35;501.33
59.00;150.06;35;24254277#2_0;8.76;0.00;14.39;DEFAULT_VEHTYPE;416.48;522.93
59.00;155.63;37;24254277#5_0;1.13;0.00;12.91;DEFAULT_VEHTYPE;472.55;409.61
59.00;151.78;39;24254277#0_0;121.53;0.00;15.87;DEFAULT_VEHTYPE;395.58;561.70
59.00;150.60;44;24254277#0_0;76.72;0.00;12.81;DEFAULT_VEHTYPE;373.90;600.92
59.00;150.60;45;24254277#0_0;34.21;0.00;9.45;DEFAULT_VEHTYPE;353.04;637.95
59.00;160.33;47;24254277#0_0;10.91;0.00;3.77;DEFAULT_VEHTYPE;342.23;658.54
59.00;194.14;49;766761483#4_0;74.49;0.00;13.88;DEFAULT_VEHTYPE;443.06;142.84
60.00;203.81;16;766761483#4_0;155.98;0.00;14.65;DEFAULT_VEHTYPE;413.74;66.99
60.00;178.45;26;24254277#8_0;10.77;0.00;12.94;DEFAULT_VEHTYPE;481.92;343.05
60.00;192.73;27;766761483#2_0;12.26;0.00;11.35;DEFAULT_VEHTYPE;468.41;250.71
60.00;157.59;28;24254277#3_0;21.79;0.00;10.63;DEFAULT_VEHTYPE;459.31;439.50
60.00;155.56;29;24254277#3_0;1.28;0.00;9.61;DEFAULT_VEHTYPE;451.36;458.39
60.00;186.22;31;766761483#1_0;1.41;0.00;11.70;DEFAULT_VEHTYPE;472.71;270.62
60.00;155.09;33;24254277#2_0;62.65;0.00;8.93;DEFAULT_VEHTYPE;443.19;476.16
60.00;149.69;34;24254277#2_0;42.93;0.00;9.03;DEFAULT_VEHTYPE;433.91;493.54
60.00;148.86;35;24254277#2_0;20.60;0.00;11.84;DEFAULT_VEHTYPE;422.60;512.80
60.00;160.86;37;24254277#6_0;1.67;0.00;13.28;DEFAULT_VEHTYPE;477.58;397.34
60.00;151.78;39;24254277#0_0;137.34;0.00;15.81;DEFAULT_VEHTYPE;403.06;547.77
60.00;150.60;44;24254277#0_0;90.11;0.00;13.39;DEFAULT_VEHTYPE;380.48;589.25
60.00;150.60;45;24254277#0_0;45.79;0.00;11.58;DEFAULT_VEHTYPE;358.72;627.86
60.00;156.14;47;24254277#0_0;17.14;0.00;6.24;DEFAULT_VEHTYPE;344.66;652.82
60.00;194.14;49;766761483#4_0;88.12;0.00;13.63;DEFAULT_VEHTYPE;439.73;129.63
61.00;204.07;16;766761483#4_0;171.42;0.00;15.44;DEFAULT_VEHTYPE;407.44;52.89
61.00;181.03;26;24254277#9_0;2.39;0.00;12.28;DEFAULT_VEHTYPE;481.95;330.77
61.00;192.99;27;:572674_0_0;4.62;0.00;11.25;DEFAULT_VEHTYPE;465.91;239.74
61.00;156.67;28;:572666_0_0;4.47;0.00;11.09;DEFAULT_VEHTYPE;463.61;429.28
61.00;157.59;29;24254277#3_0;11.58;0.00;10.29;DEFAULT_VEHTYPE;455.42;448.94
61.00;192.39;31;766761483#2_0;3.43;0.00;11.54;DEFAULT_VEHTYPE;470.35;259.31
61.00;155.09;33;24254277#2_0;72.55;0.00;9.89;DEFAULT_VEHTYPE;447.36;467.19
61.00;149.69;34;24254277#2_0;52.98;0.00;10.05;DEFAULT_VEHTYPE;438.98;484.86
61.00;149.58;35;24254277#2_0;31.33;0.00;10.74;DEFAULT_VEHTYPE;428.05;503.54
61.00;176.06;37;24254277#6_0;14.94;0.00;13.28;DEFAULT_VEHTYPE;479.35;384.25
61.00;152.21;39;24254277#1_0;0.91;0.00;15.80;DEFAULT_VEHTYPE;410.49;533.83
61.00;150.60;44;24254277#0_0;102.93;0.00;12.81;DEFAULT_VEHTYPE;386.77;578.08
61.00;150.60;45;24254277#0_0;59.11;0.00;13.32;DEFAULT_VEHTYPE;365.26;616.26
61.00;150.60;47;24254277#0_0;25.91;0.00;8.77;DEFAULT_VEHTYPE;348.96;645.18
61.00;202.66;49;766761483#4_0;102.29;0.00;14.17;DEFAULT_VEHTYPE;434.82;116.37
62.00;186.18;26;24254277#9_0;14.98;0.00;12.59;DEFAULT_VEHTYPE;481.16;318.22
62.00;193.21;27;766761483#3_0;11.83;0.00;12.23;DEFAULT_VEHTYPE;463.12;227.84
62.00;155.32;28;24254277#4_0;8.10;0.00;10.59;DEFAULT_VEHTYPE;467.98;419.64
62.00;157.59;29;24254277#3_0;22.38;0.00;10.80;DEFAULT_VEHTYPE;459.54;438.96
62.00;192.73;31;766761483#2_0;14.93;0.00;11.50;DEFAULT_VEHTYPE;467.82;248.10
62.00;155.36;33;24254277#3_0;1.92;0.00;10.30;DEFAULT_VEHTYPE;451.64;457.82
62.00;155.09;34;24254277#2_0;63.37;0.00;10.40;DEFAULT_VEHTYPE;443.50;475.50
62.00;149.69;35;24254277#2_0;41.90;0.00;10.57;DEFAULT_VEHTYPE;433.39;494.42
62.00;149.32;39;24254277#2_0;11.05;0.00;14.84;DEFAULT_VEHTYPE;417.66;520.96
62.00;151.78;44;24254277#0_0;115.22;0.00;12.29;DEFAULT_VEHTYPE;392.60;567.26
62.00;150.60;45;24254277#0_0;74.50;0.00;15.39;DEFAULT_VEHTYPE;372.82;602.85
62.00;150.60;47;24254277#0_0;36.05;0.00;10.13;DEFAULT_VEHTYPE;353.94;636.35
62.00;202.66;49;766761483#4_0;116.59;0.00;14.30;DEFAULT_VEHTYPE;429.31;103.17
63.00;192.07;26;24254277#10_0;0.47;0.00;13.52;DEFAULT_VEHTYPE;478.87;304.91
63.00;155.61;28;24254277#5_0;0.60;0.00;10.49;DEFAULT_VEHTYPE;472.34;410.09
63.00;156.56;29;:572666_0_0;5.45;0.00;11.47;DEFAULT_VEHTYPE;464.00;428.39
63.00;193.12;31;766761483#3_0;2.81;0.00;11.78;DEFAULT_VEHTYPE;465.18;236.62
63.00;157.59;33;24254277#3_0;12.99;0.00;11.07;DEFAULT_VEHTYPE;455.96;447.64
63.00;155.09;34;24254277#2_0;74.10;0.00;10.72;DEFAULT_VEHTYPE;448.01;465.78
63.00;149.69;35;24254277#2_0;52.70;0.00;10.80;DEFAULT_VEHTYPE;438.84;485.10
63.00;149.31;39;24254277#2_0;24.92;0.00;13.87;DEFAULT_VEHTYPE;424.80;509.07
63.00;150.46;41;24254277#2_0;5.10;0.00;0.00;DEFAULT_VEHTYPE;414.64;526.09
63.00;151.78;44;24254277#0_0;127.90;0.00;12.69;DEFAULT_VEHTYPE;398.60;556.09
63.00;150.60;45;24254277#0_0;90.08;0.00;15.58;DEFAULT_VEHTYPE;380.46;589.27
63.00;150.60;47;24254277#0_0;48.51;0.00;12.46;DEFAULT_VEHTYPE;360.06;625.49
63.00;203.31;49;766761483#4_0;130.41;0.00;13.82;DEFAULT_VEHTYPE;423.90;90.46
64.00;194.33;26;24254277#10_0;13.13;0.00;12.66;DEFAULT_VEHTYPE;475.74;292.64
64.00;156.72;28;:572667_0_0;3.60;0.00;10.46;DEFAULT_VEHTYPE;476.55;400.53
64.00;155.32;29;24254277#4_0;8.71;0.00;10.22;DEFAULT_VEHTYPE;468.24;419.09
64.00;193.21;31;766761483#3_0;14.89;0.00;12.09;DEFAULT_VEHTYPE;462.42;224.86
64.00;157.59;33;24254277#3_0;24.50;0.00;11.51;DEFAULT_VEHTYPE;460.34;437.00
64.00;154.81;34;24254277#3_0;3.66;0.00;10.48;DEFAULT_VEHTYPE;452.39;456.25
64.00;155.09;35;24254277#2_0;63.75;0.00;11.05;DEFAULT_VEHTYPE;443.66;475.16
64.00;149.66;39;24254277#2_0;38.53;0.00;13.61;DEFAULT_VEHTYPE;431.69;497.33
64.00;150.44;41;24254277#2_0;7.58;0.00;2.48;DEFAULT_VEHTYPE;415.87;523.94
64.00;151.78;44;24254277#0_0;140.25;0.00;12.35;DEFAULT_VEHTYPE;404.43;545.21
64.00;151.18;45;24254277#0_0;106.46;0.00;16.38;DEFAULT_VEHTYPE;388.46;574.98
64.00;150.60;47;24254277#0_0;60.47;0.00;11.96;DEFAULT_VEHTYPE;365.93;615.07
64.00;203.31;49;766761483#4_0;144.08;0.00;13.67;DEFAULT_VEHTYPE;418.49;77.91
65.00;186.56;26;24254277#11_0;6.44;0.00;13.04;DEFAULT_VEHTYPE;473.68;279.78
65.00;174.37;28;24254277#6_0;9.74;0.00;11.42;DEFAULT_VEHTYPE;478.99;389.45
65.00;155.62;29;24254277#5_0;1.07;0.00;10.36;DEFAULT_VEHTYPE;472.53;409.66
65.00;193.31;31;766761483#4_0;2.27;0.00;12.05;DEFAULT_VEHTYPE;459.66;213.13
65.00;156.56;33;:572666_0_0;6.68;0.00;10.58;DEFAULT_VEHTYPE;464.49;427.26
65.00;157.59;34;24254277#3_0;15.30;0.00;11.64;DEFAULT_VEHTYPE;456.84;445.49
65.00;155.09;35;24254277#2_0;74.72;0.00;10.97;DEFAULT_VEHTYPE;448.28;465.21
65.00;149.69;39;24254277#2_0;51.00;0.00;12.46;DEFAULT_VEHTYPE;437.98;486.57
65.00;149.13;41;24254277#2_0;11.67;0.00;4.09;DEFAULT_VEHTYPE;417.98;520.44
65.00;151.78;44;24254277#0_0;149.99;0.00;9.74;DEFAULT_VEHTYPE;409.04;536.63
65.00;151.78;45;24254277#0_0;121.64;0.00;15.18;DEFAULT_VEHTYPE;395.64;561.60
65.00;150.60;47;24254277#0_0;72.53;0.00;12.06;DEFAULT_VEHTYPE;371.85;604.57
65.00;204.02;49;766761483#4_0;157.37;0.00;13.29;DEFAULT_VEHTYPE;413.18;65.73
66.00;191.02;26;:572673_0_0;0.62;0.00;13.01;DEFAULT_VEHTYPE;472.00;267.00
66.00;176.06;28;24254277#6_0;20.83;0.00;11.09;DEFAULT_VEHTYPE;479.75;378.38
66.00;158.72;29;24254277#6_0;0.03;0.00;11.69;DEFAULT_VEHTYPE;477.09;398.91
66.00;193.38;31;766761483#4_0;14.18;0.00;11.91;DEFAULT_VEHTYPE;456.90;201.55
66.00;155.32;33;24254277#4_0;10.44;0.00;10.73;DEFAULT_VEHTYPE;468.96;417.51
66.00;155.54;35;24254277#3_0;5.68;0.00;11.88;DEFAULT_VEHTYPE;453.17;454.39
66.00;155.09;39;24254277#2_0;63.48;0.00;12.48;DEFAULT_VEHTYPE;443.54;475.41
66.00;148.86;41;24254277#2_0;17.40;0.00;5.74;DEFAULT_VEHTYPE;420.95;515.53
66.00;153.44;44;24254277#2_0;0.33;0.00;7.27;DEFAULT_VEHTYPE;412.29;530.24
66.00;151.78;45;24254277#0_0;134.58;0.00;12.94;DEFAULT_VEHTYPE;401.75;550.20
66.00;150.60;47;24254277#0_0;84.19;0.00;11.66;DEFAULT_VEHTYPE;377.57;594.41
66.00;204.07;49;766761483#4_0;171.16;0.00;13.80;DEFAULT_VEHTYPE;407.55;53.13
67.00;192.73;26;766761483#2_0;8.97;0.00;13.40;DEFAULT_VEHTYPE;469.14;253.92
67.00;175.54;28;:572669_0_0;4.57;0.00;11.09;DEFAULT_VEHTYPE;480.56;367.32
67.00;176.06;29;24254277#6_0;11.24;0.00;11.22;DEFAULT_VEHTYPE;479.09;387.95
67.00;193.38;31;766761483#4_0;26.91;0.00;12.73;DEFAULT_VEHTYPE;453.95;189.16
67.00;155.74;33;24254277#5_0;4.17;0.00;11.72;DEFAULT_VEHTYPE;473.80;406.84
67.00;157.59;35;24254277#3_0;19.48;0.00;13.80;DEFAULT_VEHTYPE;458.43;441.63
67.00;155.27;39;24254277#2_0;76.30;0.00;12.82;DEFAULT_VEHTYPE;448.93;463.78
67.00;149.27;41;24254277#2_0;24.62;0.00;7.22;DEFAULT_VEHTYPE;424.65;509.33
67.00;150.46;44;24254277#2_0;6.80;0.00;6.47;DEFAULT_VEHTYPE;415.48;524.61
67.00;151.78;45;24254277#0_0;144.43;0.00;9.85;DEFAULT_VEHTYPE;406.41;541.52
67.00;150.60;47;24254277#0_0;95.60;0.00;11.41;DEFAULT_VEHTYPE;383.17;584.47
68.00;192.89;26;:572674_0_0;2.85;0.00;12.77;DEFAULT_VEHTYPE;466.31;241.46
68.00;175.67;28;:572670_0_0;2.55;0.00;10.98;DEFAULT_VEHTYPE;481.47;356.38
68.00;176.06;29;24254277#6_0;22.84;0.00;11.60;DEFAULT_VEHTYPE;479.89;376.37
68.00;192.75;31;766761483#4_0;38.93;0.00;12.02;DEFAULT_VEHTYPE;451.29;177.44
68.00;161.90;33;24254277#6_0;2.72;0.00;11.28;DEFAULT_VEHTYPE;477.90;396.34
68.00;156.56;35;:572666_0_0;6.67;0.00;15.59;DEFAULT_VEHTYPE;464.48;427.27
68.00;157.59;39;24254277#3_0;9.36;0.00;13.98;DEFAULT_VEHTYPE;454.57;450.99
68.00;149.58;41;24254277#2_0;34.08;0.00;9.47;DEFAULT_VEHTYPE;429.44;501.17
68.00;148.86;44;24254277#2_0;14.92;0.00;8.12;DEFAULT_VEHTYPE;419.67;517.65
68.00;152.31;45;24254277#1_0;1.18;0.00;8.98;DEFAULT_VEHTYPE;410.61;533.59
68.00;151.42;47;24254277#0_0;107.46;0.00;11.86;DEFAULT_VEHTYPE;388.93;574.10
69.00;193.21;26;766761483#3_0;11.21;0.00;13.38;DEFAULT_VEHTYPE;463.26;228.44
69.00;178.45;28;24254277#8_0;8.19;0.00;10.75;DEFAULT_VEHTYPE;481.85;345.64
69.00;192.75;31;766761483#4_0;51.88;0.00;12.95;DEFAULT_VEHTYPE;448.43;164.81
69.00;176.06;33;24254277#6_0;14.34;0.00;11.62;DEFAULT_VEHTYPE;479.31;384.86
69.00;155.41;35;:672944232_0_0;1.66;0.00;14.58;DEFAULT_VEHTYPE;470.56;414.02
69.00;157.59;39;24254277#3_0;24.75;0.00;15.39;DEFAULT_VEHTYPE;460.44;436.76
69.00;149.69;41;24254277#2_0;45.55;0.00;11.47;DEFAULT_VEHTYPE;435.23;491.27
69.00;149.27;44;24254277#2_0;24.62;0.00;9.70;DEFAULT_VEHTYPE;424.65;509.33
69.00;150.46;45;24254277#2_0;5.79;0.00;9.31;DEFAULT_VEHTYPE;414.99;525.49
69.00;151.78;47;24254277#0_0;118.75;0.00;11.29;DEFAULT_VEHTYPE;394.27;564.15
70.00;193.25;26;:572675_0_0;3.82;0.00;12.27;DEFAULT_VEHTYPE;460.45;216.50
70.00;179.62;28;:300163116_0_0;3.30;0.00;10.68;DEFAULT_VEHTYPE;482.04;334.96
70.00;194.14;31;766761483#4_0;64.79;0.00;12.91;DEFAULT_VEHTYPE;445.43;152.25
70.00;176.06;33;24254277#6_0;26.51;0.00;12.17;DEFAULT_VEHTYPE;480.14;372.71
70.00;156.71;35;:572667_0_0;3.59;0.00;14.75;DEFAULT_VEHTYPE;476.55;400.54
70.00;154.99;41;24254277#2_0;59.54;0.00;13.98;DEFAULT_VEHTYPE;441.88;478.98
70.00;149.61;44;24254277#2_0;36.18;0.00;11.56;DEFAULT_VEHTYPE;430.50;499.36
70.00;148.86;45;24254277#2_0;15.14;0.00;9.35;DEFAULT_VEHTYPE;419.78;517.46
70.00;151.78;47;24254277#0_0;130.63;0.00;11.88;DEFAULT_VEHTYPE;399.89;553.68
71.00;193.38;26;766761483#4_0;12.27;0.00;13.46;DEFAULT_VEHTYPE;457.34;203.41
71.00;181.91;28;24254277#9_0;8.44;0.00;10.24;DEFAULT_VEHTYPE;481.75;324.72
71.00;194.14;31;766761483#4_0;76.80;0.00;12.01;DEFAULT_VEHTYPE;442.50;140.60
71.00;174.78;33;24254277#7_0;6.76;0.00;12.57;DEFAULT_VEHTYPE;481.21;360.19
71.00;176.06;35;24254277#6_0;12.59;0.00;14.29;DEFAULT_VEHTYPE;479.19;386.60
71.00;155.09;41;24254277#2_0;73.68;0.00;14.14;DEFAULT_VEHTYPE;447.84;466.16
71.00;149.69;44;24254277#2_0;48.87;0.00;12.69;DEFAULT_VEHTYPE;436.91;488.41
71.00;149.53;45;24254277#2_0;26.40;0.00;11.26;DEFAULT_VEHTYPE;425.55;507.80
71.00;151.78;47;24254277#0_0;142.93;0.00;12.30;DEFAULT_VEHTYPE;405.70;542.85
72.00;193.38;26;766761483#4_0;25.26;0.00;12.99;DEFAULT_VEHTYPE;454.34;190.77
72.00;188.38;28;24254277#9_0;19.45;0.00;11.00;DEFAULT_VEHTYPE;480.51;313.80
72.00;194.14;31;766761483#4_0;89.61;0.00;12.80;DEFAULT_VEHTYPE;439.37;128.19
72.00;178.45;33;24254277#8_0;5.30;0.00;11.68;DEFAULT_VEHTYPE;481.77;348.52
72.00;176.06;35;24254277#6_0;26.97;0.00;14.37;DEFAULT_VEHTYPE;480.17;372.25
72.00;156.29;41;24254277#3_0;6.87;0.00;14.11;DEFAULT_VEHTYPE;453.62;453.29
72.00;155.09;44;24254277#2_0;62.17;0.00;13.30;DEFAULT_VEHTYPE;442.99;476.60
72.00;149.67;45;24254277#2_0;39.31;0.00;12.90;DEFAULT_VEHTYPE;432.08;496.66
72.00;152.99;47;24254277#1_0;2.99;0.00;12.29;DEFAULT_VEHTYPE;411.42;531.97
73.00;192.75;26;766761483#4_0;38.69;0.00;13.43;DEFAULT_VEHTYPE;451.34;177.67
73.00;194.02;28;24254277#10_0;2.53;0.00;11.12;DEFAULT_VEHTYPE;478.36;302.91
73.00;202.66;31;766761483#4_0;102.15;0.00;12.55;DEFAULT_VEHTYPE;434.88;116.50
73.00;179.19;33;:300163116_0_0;2.09;0.00;12.36;DEFAULT_VEHTYPE;482.04;336.17
73.00;174.78;35;24254277#7_0;7.53;0.00;12.89;DEFAULT_VEHTYPE;481.28;359.42
73.00;157.59;41;24254277#3_0;20.91;0.00;14.05;DEFAULT_VEHTYPE;458.98;440.31
73.00;155.15;44;24254277#2_0;75.64;0.00;13.47;DEFAULT_VEHTYPE;448.66;464.38
73.00;149.69;45;24254277#2_0;52.56;0.00;13.26;DEFAULT_VEHTYPE;438.77;485.22
73.00;149.63;47;24254277#2_0;10.11;0.00;11.82;DEFAULT_VEHTYPE;417.18;521.77
74.00;192.75;26;766761483#4_0;51.70;0.00;13.01;DEFAULT_VEHTYPE;448.47;164.98
74.00;194.33;28;24254277#10_0;13.60;0.00;11.07;DEFAULT_VEHTYPE;475.62;292.19
74.00;202.66;31;766761483#4_0;115.23;0.00;13.08;DEFAULT_VEHTYPE;429.84;104.43
74.00;181.91;33;24254277#9_0;9.34;0.00;12.35;DEFAULT_VEHTYPE;481.72;323.82
74.00;178.45;35;24254277#8_0;7.30;0.00;12.91;DEFAULT_VEHTYPE;481.83;346.53
74.00;156.56;41;:572666_0_0;5.68;0.00;13.17;DEFAULT_VEHTYPE;464.09;428.17
74.00;156.92;44;24254277#3_0;7.85;0.00;13.13;DEFAULT_VEHTYPE;454.00;452.39
74.00;155.09;45;24254277#2_0;65.50;0.00;12.93;DEFAULT_VEHTYPE;444.39;473.58
74.00;148.86;47;24254277#2_0;21.61;0.00;11.50;DEFAULT_VEHTYPE;423.13;511.93
75.00;194.14;26;766761483#4_0;64.12;0.00;12.42;DEFAULT_VEHTYPE;445.60;152.90
75.00;186.56;28;24254277#11_0;4.88;0.00;11.01;DEFAULT_VEHTYPE;473.86;281.33
75.00;203.31;31;766761483#4_0;127.45;0.00;12.22;DEFAULT_VEHTYPE;425.07;93.18
75.00;188.38;33;24254277#9_0;22.08;0.00;12.73;DEFAULT_VEHTYPE;480.12;311.20
75.00;180.08;35;:300163116_0_0;4.58;0.00;12.85;DEFAULT_VEHTYPE;482.03;333.68
75.00;155.34;41;:672944232_0_0;0.23;0.00;14.13;DEFAULT_VEHTYPE;469.97;415.32
75.00;157.59;44;24254277#3_0;21.34;0.00;13.49;DEFAULT_VEHTYPE;459.14;439.92
75.00;155.65;45;24254277#2_0;78.33;0.00;12.83;DEFAULT_VEHTYPE;449.75;461.92
75.00;149.58;47;24254277#2_0;32.96;0.00;11.34;DEFAULT_VEHTYPE;428.87;502.14
76.00;194.14;26;766761483#4_0;76.41;0.00;12.29;DEFAULT_VEHTYPE;442.59;140.98
76.00;185.85;28;766761483#1_0;1.13;0.00;10.61;DEFAULT_VEHTYPE;472.76;270.89
76.00;203.31;31;766761483#4_0;139.59;0.00;12.14;DEFAULT_VEHTYPE;420.27;82.03
76.00;194.33;33;24254277#10_0;6.58;0.00;12.53;DEFAULT_VEHTYPE;477.36;298.99
76.00;182.51;35;24254277#9_0;12.15;0.00;12.67;DEFAULT_VEHTYPE;481.57;321.02
76.00;155.79;41;:572667_0_0;0.59;0.00;13.19;DEFAULT_VEHTYPE;475.39;403.30
76.00;156.56;44;:572666_0_0;5.18;0.00;12.24;DEFAULT_VEHTYPE;463.89;428.63
76.00;157.59;45;24254277#3_0;11.06;0.00;13.66;DEFAULT_VEHTYPE;455.22;449.41
76.00;149.69;47;24254277#2_0;44.47;0.00;11.52;DEFAULT_VEHTYPE;434.69;492.20
77.00;194.14;26;766761483#4_0;89.29;0.00;12.87;DEFAULT_VEHTYPE;439.45;128.50
77.00;192.26;28;766761483#2_0;2.86;0.00;11.25;DEFAULT_VEHTYPE;470.48;259.87
77.00;203.31;31;766761483#4_0;152.13;0.00;12.54;DEFAULT_VEHTYPE;415.31;70.51
77.00;188.36;35;:572671_0_0;1.40;0.00;12.11;DEFAULT_VEHTYPE;479.81;309.03
77.00;173.65;41;24254277#6_0;9.47;0.00;14.16;DEFAULT_VEHTYPE;478.97;389.71
77.00;155.32;44;24254277#4_0;10.50;0.00;12.27;DEFAULT_VEHTYPE;468.98;417.46
77.00;157.59;45;24254277#3_0;24.11;0.00;13.04;DEFAULT_VEHTYPE;460.19;437.36
77.00;150.98;47;24254277#2_0;55.82;0.00;11.35;DEFAULT_VEHTYPE;440.31;482.36
78.00;202.66;26;766761483#4_0;102.06;0.00;12.78;DEFAULT_VEHTYPE;434.91;116.58
78.00;192.73;28;766761483#2_0;13.55;0.00;10.69;DEFAULT_VEHTYPE;468.13;249.44
78.00;204.07;31;766761483#4_0;164.83;0.00;12.70;DEFAULT_VEHTYPE;410.13;58.92
78.00;194.33;35;24254277#10_0;10.01;0.00;13.77;DEFAULT_VEHTYPE;476.51;295.67
78.00;176.06;41;24254277#6_0;23.02;0.00;13.55;DEFAULT_VEHTYPE;479.90;376.19
78.00;155.76;44;24254277#5_0;4.79;0.00;12.28;DEFAULT_VEHTYPE;474.05;406.27
78.00;156.24;45;24254277#4_0;1.29;0.00;12.55;DEFAULT_VEHTYPE;465.14;425.83
78.00;155.09;47;24254277#2_0;67.73;0.00;11.91;DEFAULT_VEHTYPE;445.33;471.55
79.00;202.66;26;766761483#4_0;114.69;0.00;12.63;DEFAULT_VEHTYPE;430.04;104.93
79.00;193.03;28;766761483#3_0;0.58;0.00;10.94;DEFAULT_VEHTYPE;465.69;238.78
79.00;186.56;35;24254277#11_0;5.90;0.00;15.62;DEFAULT_VEHTYPE;473.75;280.32
79.00;174.87;41;24254277#7_0;4.34;0.00;13.64;DEFAULT_VEHTYPE;480.99;362.59
79.00;162.62;44;24254277#6_0;5.40;0.00;13.35;DEFAULT_VEHTYPE;478.69;393.78
79.00;155.37;45;:672944232_0_0;0.81;0.00;12.14;DEFAULT_VEHTYPE;470.21;414.79
79.00;155.86;47;24254277#2_0;79.50;0.00;11.77;DEFAULT_VEHTYPE;450.23;460.85
80.00;203.31;26;766761483#4_0;127.04;0.00;12.35;DEFAULT_VEHTYPE;425.23;93.55
80.00;193.21;28;766761483#3_0;11.09;0.00;10.51;DEFAULT_VEHTYPE;463.29;228.56
80.00;191.26;35;:572673_0_0;2.28;0.00;15.22;DEFAULT_VEHTYPE;471.67;265.37
80.00;178.42;41;24254277#8_0;4.90;0.00;13.70;DEFAULT_VEHTYPE;481.76;348.92
80.00;176.06;44;24254277#6_0;18.50;0.00;13.11;DEFAULT_VEHTYPE;479.59;380.70
80.00;155.79;45;:572667_0_0;0.96;0.00;12.98;DEFAULT_VEHTYPE;475.54;402.96
80.00;157.59;47;24254277#3_0;10.32;0.00;11.74;DEFAULT_VEHTYPE;454.94;450.10
81.00;203.31;26;766761483#4_0;139.83;0.00;12.79;DEFAULT_VEHTYPE;420.17;81.80
81.00;193.23;28;:572675_0_0;1.64;0.00;10.21;DEFAULT_VEHTYPE;460.95;218.62
81.00;192.73;35;766761483#2_0;12.62;0.00;15.39;DEFAULT_VEHTYPE;468.33;250.35
81.00;179.62;41;:300163116_0_0;3.29;0.00;13.96;DEFAULT_VEHTYPE;482.04;334.97
81.00;175.53;44;:572669_0_0;4.66;0.00;13.51;DEFAULT_VEHTYPE;480.57;367.23
81.00;170.55;45;24254277#6_0;8.32;0.00;12.64;DEFAULT_VEHTYPE;478.89;390.86
81.00;157.59;47;24254277#3_0;21.81;0.00;11.49;DEFAULT_VEHTYPE;459.32;439.48
82.00;203.40;26;766761483#4_0;153.28;0.00;13.45;DEFAULT_VEHTYPE;414.84;69.46
82.00;193.38;28;766761483#4_0;6.91;0.00;10.28;DEFAULT_VEHTYPE;458.58;208.62
82.00;193.12;35;766761483#3_0;2.77;0.00;14.06;DEFAULT_VEHTYPE;465.19;236.65
82.00;181.91;41;24254277#9_0;11.19;0.00;13.00;DEFAULT_VEHTYPE;481.66;321.97
82.00;176.53;44;:572670_0_0;5.06;0.00;13.39;DEFAULT_VEHTYPE;481.63;353.88
82.00;176.06;45;24254277#6_0;22.39;0.00;14.07;DEFAULT_VEHTYPE;479.86;376.82
82.00;156.56;47;:572666_0_0;5.12;0.00;11.71;DEFAULT_VEHTYPE;463.87;428.69
83.00;204.07;26;766761483#4_0;166.15;0.00;12.87;DEFAULT_VEHTYPE;409.60;57.71
83.00;193.38;28;766761483#4_0;17.37;0.00;10.46;DEFAULT_VEHTYPE;456.16;198.44
83.00;193.21;35;766761483#3_0;16.22;0.00;13.45;DEFAULT_VEHTYPE;462.12;223.57
83.00;188.36;41;:572671_0_0;1.52;0.00;13.18;DEFAULT_VEHTYPE;479.79;308.92
83.00;178.45;44;24254277#8_0;13.09;0.00;13.15;DEFAULT_VEHTYPE;481.98;340.74
83.00;175.10;45;24254277#7_0;2.76;0.00;12.68;DEFAULT_VEHTYPE;480.84;364.18
83.00;155.32;47;24254277#4_0;9.43;0.00;11.27;DEFAULT_VEHTYPE;468.54;418.43
84.00;193.38;28;766761483#4_0;27.70;0.00;10.33;DEFAULT_VEHTYPE;453.77;188.39
84.00;193.36;35;766761483#4_0;4.17;0.00;12.62;DEFAULT_VEHTYPE;459.22;211.28
84.00;194.33;41;24254277#10_0;10.28;0.00;13.93;DEFAULT_VEHTYPE;476.45;295.41
84.00;181.91;44;24254277#9_0;5.69;0.00;13.27;DEFAULT_VEHTYPE;481.84;327.47
84.00;177.59;45;24254277#8_0;2.76;0.00;13.14;DEFAULT_VEHTYPE;481.70;351.06
84.00;155.71;47;24254277#5_0;3.42;0.00;11.98;DEFAULT_VEHTYPE;473.49;407.52
85.00;192.75;28;766761483#4_0;39.05;0.00;11.35;DEFAULT_VEHTYPE;451.26;177.32
85.00;193.38;35;766761483#4_0;16.15;0.00;11.98;DEFAULT_VEHTYPE;456.44;199.63
85.00;190.41;41;24254277#11_0;0.16;0.00;9.61;DEFAULT_VEHTYPE;474.40;286.02
85.00;188.38;44;24254277#9_0;18.75;0.00;13.06;DEFAULT_VEHTYPE;480.61;314.49
85.00;178.70;45;:300163116_0_0;0.70;0.00;13.51;DEFAULT_VEHTYPE;482.05;337.56
85.00;161.24;47;24254277#6_0;1.98;0.00;11.29;DEFAULT_VEHTYPE;477.67;397.04
86.00;192.75;28;766761483#4_0;49.85;0.00;10.80;DEFAULT_VEHTYPE;448.88;166.78
86.00;193.38;35;766761483#4_0;27.65;0.00;11.50;DEFAULT_VEHTYPE;453.78;188.44
86.00;186.56;41;24254277#11_0;5.54;0.00;5.38;DEFAULT_VEHTYPE;473.79;280.68
86.00;194.18;44;24254277#10_0;3.01;0.00;12.29;DEFAULT_VEHTYPE;478.24;302.44
86.00;181.91;45;24254277#9_0;8.58;0.00;12.98;DEFAULT_VEHTYPE;481.74;324.58
86.00;176.06;47;24254277#6_0;14.35;0.00;12.37;DEFAULT_VEHTYPE;479.31;384.84
87.00;193.54;28;766761483#4_0;61.22;0.00;11.36;DEFAULT_VEHTYPE;446.30;155.72
87.00;192.75;35;766761483#4_0;39.58;0.00;11.93;DEFAULT_VEHTYPE;451.15;176.80
87.00;186.56;41;24254277#11_0;8.33;0.00;2.79;DEFAULT_VEHTYPE;473.47;277.90
87.00;194.33;44;24254277#10_0;12.36;0.00;9.35;DEFAULT_VEHTYPE;475.93;293.38
87.00;188.38;45;24254277#9_0;20.66;0.00;12.08;DEFAULT_VEHTYPE;480.33;312.60
87.00;176.06;47;24254277#6_0;26.65;0.00;12.29;DEFAULT_VEHTYPE;480.15;372.57
88.00;194.14;28;766761483#4_0;72.00;0.00;10.78;DEFAULT_VEHTYPE;443.67;145.26
88.00;192.75;35;766761483#4_0;51.19;0.00;11.61;DEFAULT_VEHTYPE;448.58;165.48
88.00;186.56;41;24254277#11_0;8.36;0.00;0.03;DEFAULT_VEHTYPE;473.47;277.87
88.00;193.54;44;:572672_0_0;2.73;0.00;5.31;DEFAULT_VEHTYPE;474.68;288.22
88.00;194.14;45;24254277#10_0;2.89;0.00;10.26;DEFAULT_VEHTYPE;478.27;302.56
89.00;194.14;28;766761483#4_0;82.55;0.00;10.55;DEFAULT_VEHTYPE;441.09;135.03
89.00;193.77;35;766761483#4_0;62.05;0.00;10.86;DEFAULT_VEHTYPE;446.10;154.91
89.00;186.56;41;24254277#11_0;8.37;0.00;0.00;DEFAULT_VEHTYPE;473.46;277.87
89.00;191.15;44;:572672_0_0;4.45;0.00;1.72;DEFAULT_VEHTYPE;474.46;286.51
89.00;194.33;45;24254277#10_0;8.85;0.00;5.96;DEFAULT_VEHTYPE;476.80;296.78
90.00;195.76;28;766761483#4_0;92.97;0.00;10.42;DEFAULT_VEHTYPE;438.41;124.97
90.00;194.14;35;766761483#4_0;73.22;0.00;11.17;DEFAULT_VEHTYPE;443.37;144.08
90.00;185.90;41;766761483#0_0;1.34;0.00;2.57;DEFAULT_VEHTYPE;473.23;275.32
90.00;189.39;44;24254277#11_0;0.82;0.00;1.16;DEFAULT_VEHTYPE;474.33;285.36
90.00;194.33;45;24254277#10_0;11.04;0.00;2.19;DEFAULT_VEHTYPE;476.26;294.67
91.00;202.66;28;766761483#4_0;104.08;0.00;11.11;DEFAULT_VEHTYPE;434.13;114.72
91.00;194.14;35;766761483#4_0;83.29;0.00;10.07;DEFAULT_VEHTYPE;440.91;134.32
91.00;185.99;41;766761483#1_0;1.23;0.00;4.66;DEFAULT_VEHTYPE;472.75;270.79
91.00;186.93;44;24254277#11_0;2.76;0.00;1.94;DEFAULT_VEHTYPE;474.10;283.43
91.00;194.33;45;24254277#10_0;12.79;0.00;1.75;DEFAULT_VEHTYPE;475.83;292.97
92.00;202.66;28;766761483#4_0;114.82;0.00;10.74;DEFAULT_VEHTYPE;430.00;104.81
92.00;198.78;35;766761483#4_0;94.74;0.00;11.45;DEFAULT_VEHTYPE;437.73;123.34
92.00;191.48;41;:572673_0_0;3.83;0.00;7.06;DEFAULT_VEHTYPE;471.36;263.86
92.00;186.56;44;24254277#11_0;6.75;0.00;3.98;DEFAULT_VEHTYPE;473.65;279.48
92.00;194.33;45;24254277#10_0;14.69;0.00;1.91;DEFAULT_VEHTYPE;475.35;291.13
93.00;203.24;28;766761483#4_0;126.17;0.00;11.36;DEFAULT_VEHTYPE;425.58;94.35
93.00;202.66;35;766761483#4_0;105.63;0.00;10.89;DEFAULT_VEHTYPE;433.54;113.29
93.00;192.73;41;766761483#2_0;7.81;0.00;9.04;DEFAULT_VEHTYPE;469.39;255.04
93.00;192.57;45;:572672_0_0;3.50;0.00;3.76;DEFAULT_VEHTYPE;474.57;287.45
94.00;203.31;28;766761483#4_0;136.37;0.00;10.19;DEFAULT_VEHTYPE;421.54;84.99
94.00;202.66;35;766761483#4_0;116.44;0.00;10.81;DEFAULT_VEHTYPE;429.37;103.31
94.00;192.73;41;766761483#2_0;18.57;0.00;10.76;DEFAULT_VEHTYPE;467.02;244.55
94.00;186.56;45;24254277#11_0;5.01;0.00;6.29;DEFAULT_VEHTYPE;473.85;281.21
95.00;203.31;28;766761483#4_0;147.46;0.00;11.09;DEFAULT_VEHTYPE;417.15;74.80
95.00;203.26;35;766761483#4_0;126.30;0.00;9.85;DEFAULT_VEHTYPE;425.53;94.24
95.00;193.21;41;766761483#3_0;7.30;0.00;12.64;DEFAULT_VEHTYPE;464.15;232.25
95.00;185.14;45;766761483#0_0;3.02;0.00;7.62;DEFAULT_VEHTYPE;473.10;273.64
96.00;204.07;28;766761483#4_0;158.27;0.00;10.81;DEFAULT_VEHTYPE;412.81;64.91
96.00;203.31;35;766761483#4_0;137.58;0.00;11.29;DEFAULT_VEHTYPE;421.06;83.87
96.00;193.22;41;:572675_0_0;1.57;0.00;13.93;DEFAULT_VEHTYPE;460.97;218.69
96.00;191.33;45;:572673_0_0;2.82;0.00;9.03;DEFAULT_VEHTYPE;471.56;264.85
97.00;204.07;28;766761483#4_0;169.20;0.00;10.93;DEFAULT_VEHTYPE;408.35;54.92
97.00;203.31;35;766761483#4_0;149.12;0.00;11.54;DEFAULT_VEHTYPE;416.50;73.28
97.00;193.38;41;766761483#4_0;9.53;0.00;12.96;DEFAULT_VEHTYPE;457.98;206.07
97.00;192.73;45;766761483#2_0;8.14;0.00;10.37;DEFAULT_VEHTYPE;469.32;254.73
98.00;204.07;35;766761483#4_0;159.42;0.00;10.30;DEFAULT_VEHTYPE;412.34;63.85
98.00;193.38;41;766761483#4_0;23.22;0.00;13.69;DEFAULT_VEHTYPE;454.81;192.75
98.00;192.80;45;:572674_0_0;1.24;0.00;11.99;DEFAULT_VEHTYPE;466.67;243.03
99.00;204.07;35;766761483#4_0;171.14;0.00;11.72;DEFAULT_VEHTYPE;407.56;53.16
99.00;192.75;41;766761483#4_0;36.82;0.00;13.60;DEFAULT_VEHTYPE;451.76;179.49
99.00;193.21;45;766761483#3_0;9.92;0.00;13.70;DEFAULT_VEHTYPE;463.55;229.70
100.00;192.75;41;766761483#4_0;50.33;0.00;13.50;DEFAULT_VEHTYPE;448.78;166.32
100.00;193.27;45;766761483#4_0;0.60;0.00;15.35;DEFAULT_VEHTYPE;460.04;214.76
101.00;194.14;41;766761483#4_0;64.31;0.00;13.98;DEFAULT_VEHTYPE;445.55;152.72
101.00;193.38;45;766761483#4_0;15.87;0.00;15.27;DEFAULT_VEHTYPE;456.51;199.90
102.00;194.14;41;766761483#4_0;77.42;0.00;13.12;DEFAULT_VEHTYPE;442.34;140.00
102.00;192.96;45;766761483#4_0;31.09;0.00;15.22;DEFAULT_VEHTYPE;453.02;185.08
103.00;194.14;41;766761483#4_0;90.78;0.00;13.36;DEFAULT_VEHTYPE;439.08;127.05
103.00;192.75;45;766761483#4_0;46.21;0.00;15.12;DEFAULT_VEHTYPE;449.68;170.34
104.00;202.66;41;766761483#4_0;103.68;0.00;12.90;DEFAULT_VEHTYPE;434.29;115.09
104.00;193.80;45;766761483#4_0;62.15;0.00;15.93;DEFAULT_VEHTYPE;446.08;154.82
105.00;202.66;41;766761483#4_0;116.71;0.00;13.03;DEFAULT_VEHTYPE;429.27;103.07
105.00;194.14;45;766761483#4_0;78.05;0.00;15.90;DEFAULT_VEHTYPE;442.19;139.40
106.00;203.31;41;766761483#4_0;130.73;0.00;14.02;DEFAULT_VEHTYPE;423.77;90.17
106.00;196.36;45;766761483#4_0;93.32;0.00;15.27;DEFAULT_VEHTYPE;438.28;124.65
107.00;203.31;41;766761483#4_0;144.20;0.00;13.48;DEFAULT_VEHTYPE;418.44;77.79
107.00;202.66;45;766761483#4_0;108.48;0.00;15.16;DEFAULT_VEHTYPE;432.44;110.66
108.00;204.07;41;766761483#4_0;157.77;0.00;13.56;DEFAULT_VEHTYPE;413.01;65.36
108.00;203.04;45;766761483#4_0;124.60;0.00;16.12;DEFAULT_VEHTYPE;426.20;95.80
109.00;204.07;41;766761483#4_0;171.41;0.00;13.64;DEFAULT_VEHTYPE;407.45;52.90
109.00;203.31;45;766761483#4_0;140.82;0.00;16.22;DEFAULT_VEHTYPE;419.78;80.90
110.00;203.91;45;766761483#4_0;156.65;0.00;15.83;DEFAULT_VEHTYPE;413.47;66.38
111.00;204.07;45;766761483#4_0;172.35;0.00;15.70;DEFAULT_VEHTYPE;407.07;52.05